Title,Subtitle,Status,SupportStatus,Year,imdbRating,Studio,Earnings,Budget,Key,Remarks,Interesting?
BENEATH THE FLESH,,LIMITED,Assisted,,,,,,BENEATH THE FLESH_,"PRODUCER REQUESTED TANKS, APCS, HUMVEES, 150 EXTRAS, ETC., ETC. EXPLOITIVE, GRISLY FILM ABOUT VAMPIRES ATTACKING AND DEVOURING PEOPLE AFTER A POLLUTING CHEMICAL COMPANY INADVERTENTLY DISTURBS THE TOMB OF AN ANCIENT AMERICAN INDIAN VAMPIRE. NATIONAL GUARD SHOWN SOMEWHAT INEPTLY COMBATING THE VAMPIRES, ALSO TWO SOLDIERS DEVOURED WHILE SMOKING MARIJUANA WHILE ON GUARD DUTY. NATIONAL GUARD TURNED DOWN CONCEPT AT NATIONAL GUARD LEVEL. NO FILE, NO RECORD THAT FILM WAS EVER MADE.",y - funny
FLIGHT TO NOWHERE,,APPROVED,Assisted,,,,,,FLIGHT TO NOWHERE_,THE FILM HAS A POSITIVE PORTRAYAL OF THE NAVY. FILM ALSO ENHANCES THE RECRUITING EFFORT OF THE NAVY. NO RECORD OF FILM BEING MADE,
MILITARY AIR SCOUT,,LIMITED,Assisted,1911,,,,,MILITARY AIR SCOUT_1911,"FUTURE GENERAL HAP ARNOLD TOOK HIS BI-PLANE FROM COLLEGE PARK, MARYLAND, TO LONG ISLAND FOR AN AIR SHOW. FILMMAKER ASKED HIM TO FLY PLANE FOR CAMERA AND CREATED STORY. ARNOLD BECAME INTRIGUED WITH FILMMAKING AND SON SAID HE EVEN CONSIDERED LEAVING ARMY FOR A CAREER IN FILM. HOWEVER, CONTACTS WITH MOTION PICTURE INDUSTRY CONTINUED ENABLING HIM TO REGULARLY HAVE STORIES ABOUT ARMY AIR CORPS PRODUCED",
BIRTH OF A NATION,,APPROVED,Assisted,1915,,,,,BIRTH OF A NATION_1915,FIRST GREAT AMERICAN WAR MOVIE. WEST POINT PROVIDED SOME HISTORICAL. INFORMATION AND CANONS TO HELP CREATE A CIVIL WAR BATTLEFIELD,Y
MADAME BUTTERFLY,,DENIED,Not assisted,1915,,,,,MADAME BUTTERFLY_1915,"PROBABLY THE FIRST FILM ON WHICH THE NAVY REFUSED TO ASSIST. STANDARD STORY OF AN AMERICAN NAVAL OFFICER VISITING JAPAN, SEDUCING JAPANESE GIRL, PRETENDING TO MARRY HER, AND THEN ABANDONING GIRL AND THEIR CHILD WHEN HE RETURNS TO US. AND GIRL KILLS SELF. NAVY THOUGHT THIS WAS A BAD IMAGE OF AN OFFICER AND SO REFUSED TO GIVE ACCESS TO A SHIP AND CREW.",Y
SUBMARINE PIRATE,,APPROVED,Assisted,1915,,,,,SUBMARINE PIRATE_1915,"NAVY LOANED CHARLIE CHAPLIN'S BROTHER SYDNEY A SUBMARINE IN THE MAKING OF A SILLY COMEDY. HOWEVER, NAVY LIKED FILM SO MUCH, IT BOUGHT TWO COPIES TO USE AS A RECRUITING TOOL. APPROVED ASSISTANCE, DATE APPROXIMATE, NO FILE, FILM AT LIBRARY OF CONGRESS",
HERO OF SUBMARINE D-2,,APPROVED,Assisted,1916,,,,,HERO OF SUBMARINE D-2_1916,NAVY GAVE COOPERATION TO EARLY SUBMARINE STORY--USE OF SUB FOR EXTERIOR SHOTS,
STAR SPANGLED BANNER,,APPROVED,Assisted,1917,,,,,STAR SPANGLED BANNER_1917,"FILM WAS SHOT WITH FULL MARINE CORPS COOPERATION AT THE MARINE BARRACKS IN BREMERTON, WASHINGTON. THE MARINES PROVIDED THE LOCATION, MARINES AS EXTRAS, AND EQUIPMENT FOR A RITE OF PASSAGE STORY OF A HALF-ENGLISH, HALF-AMERICAN TEENAGER WHOSE MOTHER MARRIES A MARINE COLONEL AND HE COMES TO STAY, LEARNING ABOUT BOTH THE MARINES AND AMERICAN HISTORY. WHEN THE US. ENTERS WORLD WAR I, THE BOY PUTS THE UNION JACK AND STAR SPANGLED BANNER TOGETHER TO SYMBOLIZE THE NEW ALLIANCE",
THE UNBELIEVER,,APPROVED,Assisted,1918,,,,,THE UNBELIEVER_1918,WORLD WAR I FILM ABOUT MARINE TRAINING AND FIGHTING IN EUROPE. MARINES PROVIDED FULL COOPERATION DURING SHOOTING AT QUANTICO. HELPED CREATE BATTLE SCENES AND PROVIDED MARINES AS EXTRAS. MARINE CORPS USED FILM FOR RECRUITING PURPOSES BY WRITING TO THE NEWSPAPERS OF HOME TOWNS OF MEN WHO HAD PARTICIPATED ON THE MOVIE AND THEN SET UP RECRUITING BOOTHS IN LOBBIES OF THE THEATERS SHOWING FILM. CONTAINS EARLY RITE OF PASSAGE FORMULA THAT SUBSEQUENT MARINE FILMS FOLLOWED,YY
AMERICA,,APPROVED,Assisted,1924,,,,,AMERICA_1924,"FILM WAS D.W. GRIFFITH'S ATTEMPT TO DO FOR THE AMERICAN REVOLUTION WHAT BIRTH OF A NATION DID FOR THE CIVIL WAR AND RECONSTRUCTION. ARMY PROVIDED A CAVALRY UNIT, MEN, AND SUPPORT EQUIPMENT ON THEORY THAT ITS OFFICERS COULD STUDY TACTICS USED TO FIGHT THE REVOLUTION.",Y
CLASS MATES,,APPROVED,Assisted,1924,,,,,CLASS MATES_1924,"EARLY WEST POINT STORY, FILMED AT ACADEMY USING HISTORIC SETTLING TO ATTRACT AUDIENCES AND AID RECRUITING",
"BIG PARADE, THE",,APPROVED,Assisted,1925,,,,,"BIG PARADE, THE_1925","THE BIG PARADE WAS THE FIRST GREAT MOVIE ABOUT THE ARMY IN WORLD WAR I. MOST PEOPLE CONSIDER IT AN ANTI-WAR FILM, BUT FILM ENDS HAPPILY WITH THE BOY GETTING THE GIRL. KING VIDOR FILMED MOST OF MOVIE IN LOS ANGELES. HOWEVER, FOR THE GREAT ADVANCE TO THE FRONT, HE SENT A SECOND UNIT DIRECTOR TO TEXAS TO SHOOT THE LONG LINE OF TROOPS AND EQUIPMENT MOVING TO THE FRONT IN A STRAIGHT LINE. COMMANDER SAID NO STRAIGHT ROADS IN FRANCE AND PROVIDED MEN, PLANES, AND EQUIPMENT FOR SEQUENCE ON CURVED ROAD. VIDOR WENT BACK, GOT SAME SUPPORT AND FILMED ADVANCE DOWN A STRAIGHT ROAD. MOST SIGNIFICANT HELP UNTIL WINGS IN 1927.",Y
MIDSHIPMAN,,APPROVED,Assisted,1925,,,,,MIDSHIPMAN_1925,"EARLY ANNAPOLIS FILM, ONE OF SERIES THAT HOLLYWOOD FILMED AT THE NAVAL ACADEMY IN THE 1920S AND 1930S TO CAPTURE COLOR AND EXCITEMENT OF CADETS, MARCHING, ETC,",
WHAT PRICE GLORY,,APPROVED,Assisted,1926,,,,,WHAT PRICE GLORY_1926,"CLASSIC MARINE STORY WHICH BECAME FILM AGAINST WHICH ALL OTHERS MEASURED. MARINES GAVE ASSISTANCE, ALTHOUGH COMBAT SEQUENCES ARE SPARSE. BASED ON ANTI-WAR PLAY, BUT END RESULT OF FILM IS TO SUGGEST WAR WAS A POSITIVE EXPERIENCE",
CONVOY,,APPROVED,Assisted,1927,,,,,CONVOY_1927,FULL NAVY COOPERATION ON FEATURE SET IN WORLD WAR I.,
DRESS PARADE,,APPROVED,Assisted,1927,,,,,DRESS PARADE_1927,"TYPICAL WEST POINT MOVIE, MADE WITH FULL COOPERATION OF ARMY AND THE MILITARY ACADEMY. FILMMAKERS SHOT ALL LOCATION SCENES AT WEST POINT",
PATENT LEATHER KID,,APPROVED,Assisted,1927,,,,,PATENT LEATHER KID_1927,"AFTER CONSIDERABLE NEGOTIATIONS, THE ARMY PROVIDED MEN, TANKS, AND EQUIPMENT FOR STORY SET IN WORLD WAR I AND PEACETIME.",
WINGS,,APPROVED,Assisted,1927,,,,,WINGS_1927,"FIRST ACADEMY AWARD FOR BEST PICTURE WHICH SET STANDARD OF COOPERATION FOR ALL SERVICES. ARMY AND ARMY AIR CORPS PROVIDED ASSISTANCE IN TEXAS FOR NINE MONTHS, INCLUDING USE OF VIRTUALLY ENTIRE COMPLEMENT OF AIRPLANES.",
SUBMARINE,,APPROVED,Assisted,1928,,,,,SUBMARINE_1928,"THIS WAS FIRST MAJOR SUBMARINE MOVIE. REALLY ABOUT A NAVY DIVER WHO ULTIMATELY DIVES ON SUBMARINE SUNK IN AN ACCIDENT. DESPITE IMAGES OF ACCIDENT, SUFFOCATING SAILORS, AND AN UNFAITHFUL NAVY WIFE, THE NAVY PROVIDED A SUBMARINE, EQUIPMENT, AND NAVY MEN AND DIVERS.",
COCK-EYED WORLD,,APPROVED,Assisted,1929,,,,,COCK-EYED WORLD_1929,"MARINES IN PEACETIME, CHASING WOMEN, ETC.",
FLYING FLEET,,APPROVED,Assisted,1929,,,,,FLYING FLEET_1929,NAVAL AVIATION STORY WHICH RECEIVED FULL COOPERATION,
FLIGHT,,APPROVED,Assisted,1929,,,,,FLIGHT_1929,MARINES GAVE FULL COOPERATION ON FILM ABOUT THE MARINE EXPEDITIONARY FORCE IN NICARAGUA. SQUADRON OF FIGHTERS GIVES CLOSE AIR SUPPORT TO MARINES ON THE GROUND. SHOWS HOW MARINE AIR AND GROUND FORCES WORK TOGETHER--IMAGE AND REALITY CARRIED FORWARD INTO WWII,
MEN WITHOUT WOMEN,,APPROVED,Assisted,1930,,,,,MEN WITHOUT WOMEN_1930,"JOHN FORD'S SUBMARINE MOVIE ABOUT AMERICANS VISITING SINGAPORE AND THEN BEING SUNK IN A COLLISION AND EFFORTS TO RESCUE THE CREW. NAVY PROVIDED A SUBMARINE AND ACTIVE DUTY TECHNICAL ADVISOR, EARLY SOUND FILM. JOHN WAYNE'S FIRST SPEAKING ROLE",
DIRIGIBLE,,APPROVED,Assisted,1931,,,,,DIRIGIBLE_1931,"CLASSIC PEACETIME NAVY BUDDY FILM. WHILE STORY FOCUSED ON DIRIGIBLES, THE NAVY ALSO PROVIDED PLENTY OF AIRPLANES, MEN, SHIPS AS BACKGROUND, AND LOCATIONS. STORY IS A FANTASY OF A DIRIGIBLE RACING TO THE ANTARCTIC TO RESCUE A DOWNED EXPEDITION TRYING TO REACH THE SOUTH POLE. MISSION SUCCEEDS AND NAVY AVIATORS BECOME HEROES.",
HELLDIVERS,,APPROVED,Assisted,1931,,,,,HELLDIVERS_1931,"PEACE-TIME NAVAL AVIATION FILM FOR WHICH SERVICE PROVIDED MEN, EQUIPMENT, AND PLANES",
SHIPMATES,,APPROVED,Assisted,1931,,,,,SHIPMATES_1931,"FIRST SOUND MOVIE MADE AT THE NAVAL ACADEMY. TYPICAL ROMANCE WITH SONGS. FULL COOPERATION WITH PARADES, CAMPUS, ETC",Y
ACE OF ACES,,APPROVED,Assisted,1933,,,,,ACE OF ACES_1933,ARMY AIR CORPS PROVIDED PLANES TO STAGE AERIAL COMBAT SEQUENCES FOR WORLD WAR I FILM SET IN FRANCE,
CAPTURED,,APPROVED,Assisted,1933,,,,,CAPTURED_1933,STORY ABOUT AMERICAN FLIERS SHOT DOWN AND CAPTURED DURING WORLD WAR I. ARMY AIR CORPS COOPERATION IN THE FORM OF MEN AND PLANES.,
HELL BELOW,,APPROVED,Assisted,1933,,,,,HELL BELOW_1933,NAVY GAVE FULL COOPERATION TO WORLD WAR I SUBMARINE STORY.,
KING KONG,,DENIED,Not assisted,1933,,,,,KING KONG_1933,NAVY TURNED DOWN REQUEST FOR PLANES TO DEPLOY AGAINST KING KONG ON EMPIRE STATE BUILDING ON GROUNDS THEY WERE AVAILABLE FROM COMMERCIAL SOURCES. PRODUCER WENT TO FLOYD BENNETT FIELD ON LONG ISLAND AND CONVINCED COMMANDER OF NAVAL AIR STATION TO SEND A FLIGHT OF FOUR PLANES (ONE PILOTED BY A MARINE) TO ATTACK KING KONG.,Y
MIDSHIPMAN JACK,,APPROVED,Assisted,1933,,,,,MIDSHIPMAN JACK_1933,ANOTHER ANNAPOLIS STORY WHICH NAVY ALLOWED TO BE FILMED AT ACADEMY,
ABOVE THE CLOUDS,,APPROVED,Assisted,1934,,,,,ABOVE THE CLOUDS_1934,"NAVY PROVIDED USE OF BATTLESHIPS, SUBMARINES, AND A DIRIGIBLE AS BACKGROUND FOR PEACETIME STORY",
FLIRTATION WALK,,APPROVED,Assisted,1934,,,,,FLIRTATION WALK_1934,TYPICAL WEST POINT STORY. ARMY ALLOWED FILMMAKERS TO SHOOT ALL EXTERNAL SCENES AT WEST POINT.,
ANNAPOLIS FAREWELL,,APPROVED,Assisted,1935,,,,,ANNAPOLIS FAREWELL_1935,NAVY GRANTED ACCESS TO THE NAVAL ACADEMY GROUNDS AND MIDSHIPMEN AS BACKGROUND FOR TYPICAL SERVICE ACADEMY FILM.,
DEVIL DOGS OF THE AIR,,APPROVED,Assisted,1935,,,,,DEVIL DOGS OF THE AIR_1935,"MARINES AND NAVY PROVIDED FULL COOPERATION FOR STORY ABOUT MARINE AVIATION IN PEACETIME. FILM INCLUDES AN AIR AND SEA ASSAULT EXERCISE. HOWEVER, FILM DOES NOT EXPLAIN THE DIFFERENT MISSIONS OF NAVY AND MARINE AVIATORS FLYING FROM AIRCRAFT CARRIERS. RARE DEPICTION OF MARINE FLIERS TAKING OFF FROM AIRCRAFT CARRIER",
SHIPMATES FOREVER,,APPROVED,Assisted,1935,,,,,SHIPMATES FOREVER_1935,"ANOTHER IN SERIES OF NAVAL ACADEMY FILMS DURING THE 1935. SAME PARADES, SCENIC CAMPUS, ETC. POPULARITY PROBABLY AROSE FROM ESCAPISM DURING DEPRESSION",
FOLLOW THE FLEET,,APPROVED,Assisted,1936,,,,,FOLLOW THE FLEET_1936,MUSICAL COMEDY SET ON NAVY STAGE. NAVY PROVIDED SHIPS AND MEN AS BACKGROUND TO IRVING BERLIN SONGS.,
SAN FRANCISCO,,APPROVED,Assisted,1936,,,,,SAN FRANCISCO_1936,"INTERESTING STORY OF COOPERATION. DIRECTOR W.S VAN DYKE WAS A MARINE RESERVE OFFICER. NEEDED EXTRAS WHO COULD OBEY SPLIT SECOND ORDERS DURING CLIMATIC EARTHQUAKE AND OBTAINED PERMISSION TO USE ACTIVE DUTY MARINES IN SCENES OF DESTRUCTION, ETC",
ANNAPOLIS SALUTE,,APPROVED,Assisted,1937,,,,,ANNAPOLIS SALUTE_1937,NAVY GRANTED ACCESS TO THE NAVAL ACADEMY GROUNDS AND MIDSHIPMEN AS BACKGROUND FOR TYPICAL SERVICE ACADEMY FILM.,
DEVIL'S PLAYGROUND,,APPROVED,Assisted,1937,,,,,DEVIL'S PLAYGROUND_1937,"THIS WAS A REMAKE OF FRANK CAPRA'S ""SUBMARINE."" ALTHOUGH THE NAVY HAD PROVIDED FULL COOPERATION TO THE ORIGINAL FILM, THE MODEL FOR ALL FUTURE SUBMARINE DISASTER MOVIES, THE SERVICE MANIFESTED GREAT RELUCTANCE TO BECOME INVOLVED WITH THIS REMAKE, SOUND VERSION. NEITHER FILM WAS REALLY ANY GOOD FOR NAVY WITH THEIR IMAGES OF A SUNKEN SUBMARINE, A NAVY UNFAITHFUL WIFE, AND A DIVER WHO REFUSES AT FIRST ASSIGNMENT TO HELP RESCUE SUB BECAUSE HIS BEST FRIEND, WHO UNWITTINGLY SLEPT WITH HIS WIFE, IS ABOARD. ULTIMATELY, IN BOTH FILMS, THE CUCKOLDED DIVER DOES DIVE DOWN TO THE STRICKEN SUB TO CARRY AIR HOSE TO SUB. AFTER MUCH NEGOTIATIONS AND SOME SCRIPT REVISIONS, THE NAVY PROVIDED ASSISTANCE. SEE ""GUTS & GLORY, REVISED EDITION"", FOR FULL STORY",Y
NAVY BLUE AND GOLD,,APPROVED,Assisted,1937,,,,,NAVY BLUE AND GOLD_1937,"ANOTHER PEACETIME ANNAPOLIS FILM, THIS TIME FOCUSING ON THE ARMY/NAVY GAME APPROVED ASSISTANCE, DATE APPROXIMATE, NO FILE",
SUBMARINE D-1,,APPROVED,Assisted,1937,,,,,SUBMARINE D-1_1937,SUBMARINE DISASTER MOVIE WHICH SHOWED NAVY'S DEVELOPMENT OF MCCANN DIVING BELL TO RESCUE SAILORS FROM SUNKEN SUBMARINES. BECAME ALMOST PROPHETIC SINCE BELL WAS USED TO RESCUE MEN FROM THE SQUALUS. FILMING AT SUBMARINE BASE IN NEW LONDON.,
AIR DEVILS,,APPROVED,Assisted,1938,,,,,AIR DEVILS_1938,MARINES PROVIDED ROUTINE ASSISTANCE IN THE FORM OF MEN AND PLANES FOR TYPICAL STORY OF FLIERS PURSUING THE SAME GIRL DURING PEACETIME,
BROTHER RAT,,APPROVED,Assisted,1938,,,,,BROTHER RAT_1938,STORY OF CADETS AT VIRGINIA MILITARY ACADEMY. ARMY HELPED IN TRAINING EXERCISES FOR CADETS,
FLIGHT COMMAND,,APPROVED,Assisted,1940,,,,,FLIGHT COMMAND_1940,NAVY FILM ABOUT DEVELOPMENT OF NAVIGATIONAL AIDS FOR BAD-WEATHER FLYING. FULL COOPERATION AT MIRAMAR AIR STATION. ONE OF SEVERAL PRE-WAR PREPAREDNESS FILMS THAT HOLLYWOOD TURNED OUT FOR ALL THE SERVICES.,
DIVE BOMBER,,APPROVED,Assisted,1941,,,,,DIVE BOMBER_1941,"NAVY PREPAREDNESS FILM WHICH RECEIVED FULL COOPERATION. STORY OF HOW NAVY AVIATION MEDICAL DOCTORS TRIED TO SOLVE THE PROBLEM OF PILOT BLACKOUT DURING HIGH SPEED DIVES. MADE IN FULL COLOR. SOME PEOPLE OBJECTED TO THE DEATH OF SOME PILOTS AS BAD IMAGE MAKING, BUT NAVY ARGUED FILM SHOWED HOW SERVICE WAS TRYING TO SOLVE THE PROBLEM AND IF FILM ONLY SHOWED POSITIVE SIDE, IT WOULD BE LABELED PROPAGANDA.",Y
I WANTED WINGS,,APPROVED,Assisted,1941,,,,,I WANTED WINGS_1941,"ARMY AIR CORPS PREPAREDNESS FILM. FOCUS ON TRAINING OF NEW PILOTS. STALE PLOT, BUT AIR CORPS PROVIDED LOTS OF PLANES AND AERIAL SCENES INCLUDING THE NEW B-17S.",
SERGEANT YORK,,LIMITED,Assisted,1941,,,,,SERGEANT YORK_1941,CLASSIC PRE-WORLD WAR II PREPAREDNESS FILM ABOUT HERO OF WORLD WAR I. PRO-INTERVENTION PROPAGANDA. ARMY PROVIDED SOME HELP IN STAGING COMBAT SEQUENCES,
"FLEET'S IN, THE",,APPROVED,Assisted,1942,,,,,"FLEET'S IN, THE_1942",PEACETIME NAVY MUSICAL RELEASED AFTER WAR BEGAN. FULL COOPERATION IN FORM OF MEN AND SHIPS AS BACKGROUND TO STORY.,
FLIGHT LIEUTENANT,,LIMITED,Assisted,1942,,,,,FLIGHT LIEUTENANT_1942,ARMY AIR CORPS PREPAREDNESS FILM. USE OF PLANES AND MEN AS BACKGROUND.,
FLYING TIGERS,,APPROVED,Assisted,1942,,,,,FLYING TIGERS_1942,ARMY AIR CORPS PROVIDED FIGHTER PLANES FOR FICTIONAL STORY OF THE AMERICAN VOLUNTEER FLIERS IN CHINA IN THE MONTHS BEFORE AND AFTER PEARL HARBOR,
TO THE SHORES OF TRIPOLI,,APPROVED,Assisted,1942,,,,,TO THE SHORES OF TRIPOLI_1942,"MARINE PREPAREDNESS FILM, SHOT AT RECRUIT DEPOT IN SAN DIEGO. PEARL HARBOR OCCURRED BEFORE FILM WAS RELEASED, SO TAG ADDED SHOWING MARINES BOARDING SHIPS FOR ACTION IN THE PACIFIC.",
WAKE ISLAND,,APPROVED,Assisted,1942,,,,,WAKE ISLAND_1942,"STORY OF MARINE DEFENSE OF WAKE ISLAND MADE WITH FULL COOPERATION. UP TO DEPARTURE OF MARINE, FILM CONTAINS ACCURATE REPRESENTATION. AFTER THAT, SCREENWRITER'S IMAGINATION TAKES OVER. HIGHLY EFFECTIVE MOVIE",
ACTION IN THE NORTH ATLANTIC,,APPROVED,Assisted,1943,,,,,ACTION IN THE NORTH ATLANTIC_1943,NAVY AND MERCHANT MARINES PROVIDED USE OF SHIP AND MEN FOR STORY OF NAVY GUNNERS ABOARD A MERCHANT SHIP IN THE NORTH ATLANTIC DURING WORLD WAR II.,
AERIAL GUNNER,,APPROVED,Assisted,1943,,,,,AERIAL GUNNER_1943,ARMY AIR CORPS PROVIDED ACCESS TO THE HARLINGEN AERIAL GUNNERY SCHOOL FOR FILMMAKERS TO SHOW HOW IT TRAINED BOMBER GUNNERS AND IT ALSO PROVIDED PLANES TO STAGE MISSION AGAINST JAPANESE IN SOUTH PACIFIC.,
AIR FORCE,,APPROVED,Assisted,1943,,,,,AIR FORCE_1943,"ARMY AIR CORPS PROVIDED FULL ASSISTANCE AT AN AIR BASE NEAR TAMPA FOR FILM ABOUT THE MARY ANNE ARRIVED IN PEARL HARBOR ON DECEMBER 7. HAP ARNOLD PROVIDED THE TECHNICAL ADVISOR WITH A CARD HE SHOWED WHEN HE NEEDED TO USE BOMBERS AND FIGHTERS. FILM MADE IN FLORIDA TO AVOID HAVING PLANES WITH JAPANESE INSIGNIA FLYING OVER SOUTHERN CALIFORNIA. THE CLIMACTIC BATTLE, OFTEN DESCRIBED AS MIDWAY, WAS FILMED AT THE WARNER BROTHERS ""SEA"" USING MINIATURES IN FEBRUARY, 1942",
BATAAN,,LIMITED,Assisted,1943,,,,,BATAAN_1943,"CLASSIC ARMY STORY ABOUT FALL OF BATAAN. GROUP OF AMERICAN SOLDIERS FIGHT REAR GUARD ACTION, DYING ONE BY ONE STORY FILMED AT STUDIO AND OBTAINED LIMITED ASSISTANCE IN THE FORM OF INFORMATION. ARMY APPROVED COMPLETED PRODUCTION",
CRASH DIVE,,APPROVED,Assisted,1943,,,,,CRASH DIVE_1943,"FIRST MAJOR SUBMARINE MOVIE OF WORLD WAR II. PURE FANTASY WITH AMERICAN SUBMARINE ON COMBAT CRUISE IN ATLANTIC, SINKS GERMAN SHIPS AND DESTROYS A MYTHICAL NAZI SUBMARINE SUPPLY BASE ON AN ISLAND IN THE NORTH ATLANTIC. NAVY PROVIDED FULL COOPERATION AT THE NEW LONDON SUBMARINE BASE.",
DESTINATION TOKYO,,APPROVED,Assisted,1943,,,,,DESTINATION TOKYO_1943,WIDELY CONSIDERED TO BE ONE OF THE BEST SUBMARINE MOVIE OF WORLD WAR II. RECEIVED FULL COOPERATION IN THE RESEARCH AND DEVELOPMENT OF SCRIPT PROVIDED A SUBMARINE AT MARE ISLAND FOR EXTERIOR FILMING. CREATED CLICHE OF APPENDICITIS OPERATION ABOARD SUB. FILM FOCUSES ON AMERICAN SUB WHICH GOES INTO TOKYO BAY TO COLLECT WEATHER INFORMATION FOR DOOLITTLE RAID.,
DESTROYER,,APPROVED,Assisted,1943,,,,,DESTROYER_1943,STORY OF THE BUILDING AND SERVICE OF A DESTROYER DURING WORLD WAR II. NAVY GAVE ACCESS TO SHIPYARD AND THEN SUPPLIED DESTROYER FOR FILMING AT SEA.,
GUADALCANAL DIARY,,APPROVED,Assisted,1943,,,,,GUADALCANAL DIARY_1943,"BASED ON HISTORY OF SAME NAME BY RICHARD TREGASKIS ABOUT BATTLE TO CAPTURE GUADALCANAL. MARINES GAVE FULL COOPERATION, MEN, EQUIPMENT, ETC., AT CAMP PENDLETON. CONSIDERED TO BE ONE OF BEST MOVIES TO COME OUT OF THE WAR AND A MARINE CORPS CLASSIC",Y (HIGH PRAISE FROM YA BOI)
GUNG HO,,APPROVED,Assisted,1943,,,,,GUNG HO_1943,FULL MARINE COOPERATION AT MARINE CORPS BASE CAMP PENDLETON.,
SAHARA,,APPROVED,Assisted,1943,,,,,SAHARA_1943,"CLASSIC EARLY WORLD WAR II WAR STORY EVEN THOUGH TOTAL FICTION. AMERICAN TANKS DID NOT FIGHT WITH BRITISH FORCES IN NORTH AFRICA IN EARLY DAYS OF WAR. HOWEVER, ARMY PROVIDED FULL COOPERATION AT DESERT TANK TRAINING FACILITY ON CALIFORNIA, NEVADA BORDER, INCLUDING USE OF AN OBSOLETE TRAINING TANK. AGAINST ARMY REGULATIONS, AN AMERICAN FIGHTER PLAYED A GERMAN FIGHTER AND 500 AMERICAN SOLDIERS DRESSED UP AS GERMANS IN CLIMACTIC BATTLE. BUT LONE AMERICAN, HUMPHREY BOGART, CAPTURED ALL THE ENEMY ALMOST SINGLE HANDEDLY WHICH WAS VERY POSITIVE PROPAGANDA FOR WAR EFFORT.",Y
"PURPLE HEART, THE",,OTHER,Not assisted,1944,,,,,"PURPLE HEART, THE_1944",THIRD IN TRILOGY ABOUT THE DOOLITTLE RAID. TOTALLY FICTIONAL ACCOUNT OF TRIAL OF EIGHT OF DOOLITTLE'S FLIERS AND THEIR EXECUTION (OFF SCREEN). HELPED WAR EFFORT BY SHOWING EVIL ENEMY. NO ASSISTANCE NEEDED SINCE SHOT ON SOUND STAGE.,Y
FIGHTING SEABEES,,APPROVED,Assisted,1944,,,,,FIGHTING SEABEES_1944,"NAVY PROVIDED FULL SUPPORT FOR STORY OF NAVY COMBAT ENGINEERS IN PACIFIC. ALLOWED FILMMAKERS TO SHOOT A SEABEE TRAINING EXERCISE AT CAMP PENDLETON INCLUDING THE BUILDING OF AN AIRFIELD, WHICH WAS THEN CUT INTO FILM.",
MARINE RAIDERS,,APPROVED,Assisted,1944,,,,,MARINE RAIDERS_1944,"TYPICAL WWII MARINE MOVIE, WITH FOCUS ON TRAINING FOR COMMANDO ATTACK. FULL MARINE COOPERATION AT MARINE CORPS BASE, PENDLETON",
THE SULLIVANS,THE FIGHTING SULLIVANS,APPROVED,Assisted,1944,,,,,THE SULLIVANS_1944,"FILM ABOUT FIVE SULLIVAN BROTHERS WHO DIED ABOARD THE USS JUNO AFTER THE BATTLE OF GUADALCANAL SEA WHEN A JAPANESE SUBMARINE HIT THE CRIPPLED CRUISER WITH A TORPEDO. VERY LITTLE ACTION OF NAVY IMAGES, BUT CLOSING SCENE IN WHICH THE PARENTS CHRISTEN THE DESTROYER ""THE SULLIVANS"" (FIRST NAVY SHIP TO BE NAMED AFTER MORE THAN ONE PERSON), BRINGS TEARS TO EYES TODAY AND HELPED WAR BOND DRIVES. ALSO THE DEATHS BROUGHT ABOUT NEW MILITARY DIRECTIVE THAT BROTHERS COULD NOT SERVE TOGETHER-MENTIONED IN ""SAVING PRIVATE RYAN.""",Y
THIRTY SECONDS OVER TOKYO,,APPROVED,Assisted,1944,,,,,THIRTY SECONDS OVER TOKYO_1944,"STORY OF DOOLITTLE'S RAID ON JAPAN FROM VIEW OF TED LAWSON, ONE OF THE PILOTS. ARMY AIR CORPS PROVIDED FULL COOPERATION IN FORM OF B-25 BOMBERS, LOCATION SHOOTING AT EGLIN AIR FORCE BASE WHERE ACTUAL TRAINING TOOK PLACE, AND LOAN OF THREE PLANES FOR SHOOTING ON MGM SOUNDSTAGE. REASONABLY ACCURATE EXCEPT FOR NOT IDENTIFYING CHINESE RESCUERS AS BEING COMMUNISTS",
WING AND A PRAYER,,APPROVED,Assisted,1944,,,,,WING AND A PRAYER_1944,FICTIONALIZED STORY OF BATTLE OF MIDWAY. NAVY ALLOWED FILM MAKERS TO TRAVEL ABOARD THE USS YORKTOWN ON ITS SHAKEDOWN CRUISE AND FILM LANDINGS AND TAKEOFFS. COMBINED FOOTAGE INTO STANDARD STORY OF HOW SENIOR OFFICER TURNS NEW MEN INTO FIGHTING UNIT.,
BACK TO BATAAN,,APPROVED,Assisted,1945,,,,,BACK TO BATAAN_1945,"AS TITLE SUGGESTS, A STORY ABOUT THE ARMY'S RETURN TO THE PHILIPPINES. JOHN WAYNE ACTION MOVIE. USE OF MEN AND EQUIPMENT FOR COMBAT SEQUENCES",
ANCHORS AWAY,,LIMITED,Assisted,1945,,,,,ANCHORS AWAY_1945,"NAVY PROVIDED LOCATIONS AND SHIPS AS BACKGROUND FOR END OF THE WAR SONG AND DANCE COMEDY, I.E., LEAD CHARACTERS ARE IN THE NAVY",
"BELL FOR ADANO, A",,LIMITED,Assisted,1945,,,,,"BELL FOR ADANO, A_1945",ARMY PROVIDED LIMITED ASSISTANCE (WHILE WAR WAS STILL GOING ON IN EUROPE) IN THE FORM OF MEN AND TRUCKS FOR STORY ABOUT REHABILITATION OF AN ITALIAN TOWN AFTER GERMANS HAD BEEN DRIVEN OUT.,
CAPTAIN EDDIE,,LIMITED,Assisted,1945,,,,,CAPTAIN EDDIE_1945,CINEMATIC BIOGRAPHY OF CAPTAIN EDDIE RICKENBACKER. ARMY AIR CORPS PROVIDED LIMITED ASSISTANCE ON STORY THAT INCLUDED WORLD WAR I COMBAT AND RICKENBACKER'S 19 DAYS FLOATING IN THE PACIFIC AFTER HIS PLANE WENT DOWN,
PRIDE OF THE MARINES,,APPROVED,Assisted,1945,,,,,PRIDE OF THE MARINES_1945,"STORY OF MARINE, AL SCHMIDT, BLINDED DURING FIREFIGHT ON SOUTH PACIFIC ISLAND. RECEIVED MEDAL FOR VALOR. FILM STORY OF HIS REHABILITATION AND ULTIMATELY MARRIAGE TO GIRL BACK HOME. IN FACT, SCHMIDT WAS NOT A HERO. HIS BUDDIES HAD MADE UP STORY BECAUSE OF HIS WOUND. HOWEVER, THE FILM HELPED EXPLAIN TO THE AMERICAN PEOPLE HOW DISABLED SOLDIERS WOULD BE HELPED TO RETURN TO CIVILIAN LIVES.",Y
GOD IS MY CO-PILOT,,APPROVED,Assisted,1945,,,,,GOD IS MY CO-PILOT_1945,BASED ON BEST SELLER. AIR CORP PROVIDED SOME PLANES AND BASE FOR MOVIE ABOUT SCOTT AND THE FLYING TIGERS,
STORY OF G.I. JOE,,APPROVED,Assisted,1945,,,,,STORY OF G.I. JOE_1945,"MOVIE BASED ON WRITING OF ERNIE PYLE AND HIS COVERING OF THE ITALIAN CAMPAIGN. THE ARMY PROVIDED A UNIT TO SERVE AS EXTRAS AND EQUIPMENT DURING FILMING. AFTERWARDS, THE UNIT WENT TO THE PACIFIC AND SUFFERED SIGNIFICANT CASUALTIES. CONSIDERED ONE OF THE GREAT WAR MOVIES OF ALL TIME. ",
THEY WERE EXPENDABLE,,APPROVED,Assisted,1945,,,,,THEY WERE EXPENDABLE_1945,"ONE OF THE WORLD WAR II NAVY CLASSICS, ALBEIT RELEASED AFTER THE WAR. TRUE STORY OF PT BOATS IN THE PHILIPPINES AFTER PEARL HARBOR AND RESCUE OF GENERAL MACARTHUR FROM CORRIGIDOR. JOHN FORD RECEIVED FULL COOPERATION, MEN AND BOATS, FOR FILMING IN FLORIDA KEYS. ROBERT MONTGOMERY PLAYED LIEUTENTANT JOHN B BUCKLEY, SQUADRON COMMANDER. JOHN WAYNE PLAYED HIS XO. ONLY THE NAMES WERE CHANGED.",
WALK IN THE SUN,,APPROVED,Assisted,1945,,,,,WALK IN THE SUN_1945,"ONE OF THE CLASSIC WORLD WAR II FILMS. HOWEVER, RELEASED AFTER WAR OVER AND PEOPLE WANTED TO FORGET WAR. INFLUENCED SAVING PRIVATE RYAN",
BEST YEARS OF OUR LIVES,,LIMITED,Assisted,1946,,,,,BEST YEARS OF OUR LIVES_1946,ARMY AIR CORPS PROVIDED LIMITED ASSISTANCE IN FORM OF FILMING ON BASE ON WHICH WWII PLANES WERE STORED UNTIL DESTROYED,
COMMAND DECISION,,APPROVED,Assisted,1948,,,,,COMMAND DECISION_1948,FIRST POST-WAR MOVIE ABOUT HEAVING BOMBING OF GERMANY. ARTIFICIAL WITH APPEARANCE OF CONGRESSIONAL COMMITTEE SEEKING ANSWERS ABOUT COMBAT LOSSES. AF PROVIDED PLANES AND COMBAT FOOTAGE.,
FIGHTER SQUADRON,,APPROVED,Assisted,1948,,,,,FIGHTER SQUADRON_1948,FIRST POST-WAR COMBAT FILM. PORTRAYED P-51 FIGHTERS IN SUMMER OF 1944. FIRST MOVIE TO USE COLORED COMBAT FOOTAGE. FIRST FILM OF ROCK HUDSON. SHOT WITH HELP OF WISCONSIN AIR NATIONAL GUARD. STILL CONSIDERED AN EXCITING FILM.,Y
HOME OF THE BRAVE,,OTHER,Not assisted,1948,,,,,HOME OF THE BRAVE_1948,STORY OF WORLD WAR II ABUSE OF BLACK SOLDIER BY WHITE SOLDIERS DURING A SPECIAL MISSION. ASSISTANCE NOT REQUESTED. CONTROVERSIAL AT TIME.,Y
BATTLE GROUND,,APPROVED,Assisted,1949,,,,,BATTLE GROUND_1949,"CLASSIC ARMY PICTURE SET IN THE BATTLE OF THE BULGE. FOCUS ON ARMY UNIT TRYING TO HOLD THE LINE. EXCEPT FOR VERY SMALL AMOUNT OF COMBAT FOOTAGE AND ONE OUTDOOR SCENE, MOVIE SHOT ENTIRELY ON MGM SET. ARMY PROVIDED SOME SOLDIERS TO SERVE AS EXTRAS AND TRAIN ACTORS. CONSIDERED BY SOME TO BE ONE OF BEST WORLD WAR II FILMS",
BATTLEGROUND,,APPROVED,Assisted,1949,,,,,BATTLEGROUND_1949,FIRST POST-WAR ARMY MOVIE. FILMED ENTIRELY ON AN MGM SOUND STAGE ALTHOUGH SET IN WINTER DURING THE BATTLE OF THE BULGE. ARMY PROVIDED ACTIVE DUTY SOLDIERS AS EXTRAS,
FRANCIS,,APPROVED,Assisted,1949,,,,,FRANCIS_1949,FIRST OF THE FRANCIS TALKING MULE FILMS. ARMY LOANED MEN AND EQUIPMENT AS BACKGROUND TO EARLY STORY,
SANDS OF IWO JIMA,,APPROVED,Assisted,1949,,,,,SANDS OF IWO JIMA_1949,CLASSIC MARINE FILM WHICH CREATED JOHN WAYNE'S IMAGE OF THE AMERICAN FIGHTING MAN. MARINES PROVIDED FULL COOPERATION AT CAMP PENDLETON TO RESTAGE ASSAULTS ON TARAWA AND IWO JIMA. ONLY PROBLEM RELATED TO SCENE IN WHICH JOHN WAYNE HITS ONE OF HIS MEN WITH RIFLE BUTT DURING TRAINING. TECHNICAL ADVISOR OBJECTED TO SCENE AND BUCKED IT UP TO COMMANDANT'S OFFICE WHICH CONFIRMED ORIGINAL APPROVAL. BUT SCENE TONED DOWN AND HUMORED UP. WAYNE DIES AFTER TEACHING THE NEXT GENERATION. FILM CREATED BY MARINES WITH AIDING RECRUITMENT,
TASK FORCE,,APPROVED,Assisted,1949,,,,,TASK FORCE_1949,"THE NAVY'S EPIC OF THE DEVELOPMENT OF AIRCRAFT CARRIER WARFARE, FROM THE ORIGINAL FLIGHTS OFF THE USS LANGLEY TO THE CREATION OF THE MODERN, POST-WWII 40,000 TON CARRIERS. GARY COOPER IS THE HERO WHO TAKES PART IN ALL DEVELOPMENTS. CLIMAX IS FICTIONALIZED ACCOUNT OF THE USS FRANKLIN'S SURVIVAL AS THE MOST DAMAGED SHIP IN WWII. SCRIPT ORIGINALLY WRITTEN AND APPROVED IN 1945. PROJECT IN LIMBO FOR THREE YEARS UNTIL STUDIO THOUGHT STORY COULD FIND MARKET. SPECTACULAR COMBAT SEQUENCES. SHIPBOARD SCENES SHOT DURING A CRUISE.",
TWELVE O'CLOCK HIGH,,APPROVED,Assisted,1949,,,,,TWELVE O'CLOCK HIGH_1949,AIR FORCE PROVIDED FULL COOPERATION INCLUDING 12 B-II'S WHICH WERE RESTORED TO WORLD WAR II VINTAGE. CLASSIC AIR FORCE STORY AS WELL AS LEADERSHIP STORY. FILM STILLED USED TO ILLUSTRATE TENSIONS OF LEADERSHIP,
AMERICAN GUERRILLA IN THE PHILIPPINES,,LIMITED,Assisted,1950,,,,,AMERICAN GUERRILLA IN THE PHILIPPINES_1950,NAVY PROVIDED A SHIP FOR A BRIEF SEQUENCE AT THE END OF THE FILM WHEN HERO IS RESCUED FROM HIDING PLACE.,
"BIG LIFT, THE",,APPROVED,Assisted,1950,,,,,"BIG LIFT, THE_1950","PORTRAYAL OF THE BERLIN AIRLIFT MADE ON LOCATION WITH FULL COOPERATION OF AIR FORCE WITH PLANES, MEN, AND LOCATIONS",
BREAKTHROUGH,,APPROVED,Assisted,1950,,,,,BREAKTHROUGH_1950,"UNEXCEPTIONAL WORLD WAR II ARMY STORY FROM TRAINING TO COMBAT, ARMY PROVIDED FULL ASSISTANCE",
CHAIN LIGHTNING,,OTHER,Not assisted,1950,,,,,CHAIN LIGHTNING_1950,"ABOUT DEVELOPMENT OF AMERICAN JET FIGHTERS, OPENS WITH US BOMBERS BEING ATTACKED BY GERMAN JETS WITH FADE TO TEST PILOTING.",
FLYING MISSILE,,APPROVED,Assisted,1950,,,,,FLYING MISSILE_1950,"STORY OF DEVELOPMENT OF MISSILE-LAUNCHING SUBMARINES AT BEGINNING OF COLD WAR. NAVY PROVIDED SUBMARINE AND OTHER SHIPS INCLUDING AIRCRAFT CARRIER. SOME SUBMARINERS CONSIDER THIS AN IMPORTANT FILM BECAUSE IT SHOWED HOW SUBMARINES COULD WIN NEXT WAR. HOWEVER, IT ALSO SHOWS THE VULNERABILITY OF SURFACE SHIPS TO MISSILES LAUNCHED FROM BEYOND THE HORIZON FROM SUBMARINES.",Y
HALLS OF MONTEZUMA,,APPROVED,Assisted,1950,,,,,HALLS OF MONTEZUMA_1950,"FOX'S VERSION OF JOHN WAYNE'S ""SANDS OF IWO JIMA."" FOCUS ON OFFICERS RATHER THAN ENLISTED MEN AND GENERALLY CONSIDERED TO BE MUCH LESS COMPELLING THAN ""IWO JIMA."" RECEIVED FULL MARINE COOPERATION AT CAMP PENDLETON",
"MEN, THE",,APPROVED,Assisted,1950,,,,,"MEN, THE_1950",ARMY AND VETERANS ADMINISTRATION GAVE FULL COOPERATION FOR BRIEF COMBAT SEQUENCE IN WHICH MARLON BRANDO RECEIVES A PARALYZING WOUND AND FOR FILMING IN VETERANS HOSPITAL SHOWING HOW SERVICE WORKED TO REHABILITATE PARALYZED VETERANS. VERY FRANK DISCUSSION OF SEXUAL IMPOTENCE ARMY AND VA FELT IT HAD GOOD INFORMATIONAL VALUE. BRANDO'S FIRST FILM ROLE,
AIR CADET,,APPROVED,Assisted,1951,,,,,AIR CADET_1951,"AIR FORCE CADETS LEARNING TO BECOME FIGHTER PILOTS IN WORLD WAR II. FULL COOPERATION OF PLANES, EQUIPMENT, AND LOCALES",
AT WAR WITH THE ARMY,,APPROVED,Assisted,1951,,,,,AT WAR WITH THE ARMY_1951,DEAN MARTIN JERRY LEWIS COMEDY SET IN PEACETIME ARMY,
CALL ME MISTER,,LIMITED,Assisted,1951,,,,,CALL ME MISTER_1951,"MUSICAL SET IN OCCUPIED JAPAN AFTER WWII. LIMITED ARMY ASSISTANCE, IE., BACKGROUND SHOTS OF MILITARY FACILITIES AND EQUIPMENT.",
DAY THE EARTH STOOD STILL,,LIMITED,Assisted,1951,,,,,DAY THE EARTH STOOD STILL_1951,"CLASSIC SCIENCE FICTION FILM WHICH RECEIVED NATIONAL GUARD COOPERATION ON THEORY THAT IF AN ALIEN APPEARED, THE MILITARY WOULD DEFEND THE NATION.",Y
DECISION BEFORE DAWN,,APPROVED,Assisted,1951,,,,,DECISION BEFORE DAWN_1951,STORY OF GERMAN POW WHO AGREES TO SPY FOR THE UNITED STATES DURING WWII. PRODUCED BY FRANK MCCARTHY. RECEIVED FULL COOPERATION FROM ARMY FOR FILMING ON LOCATION IN GERMANY,
FORCE OF ARMYS,,APPROVED,Assisted,1951,,,,,FORCE OF ARMYS_1951,WORLD WAR II COMBAT STORY SET IN ITALY. ARMY PROVIDED MEN AND EQUIPMENT,
FIXED BAYONETS,,LIMITED,Assisted,1951,,,,,FIXED BAYONETS_1951,KOREAN WAR STORY THAT COULD HAVE AS EASILY BEEN SET IN WORLD WAR II. ARMY PROVIDED LIMITED ASSISTANCE FOR STORY FILMED MOSTLY IN THE STUDIO,
FLYING LEATHERNECKS,,APPROVED,Assisted,1951,,,,,FLYING LEATHERNECKS_1951,"MADE AT REQUEST OF MARINE AVIATION AS ANSWER TO JOHN WAYNE'S ""SANDS OF IWO JIMA."" RECEIVED FULL COOPERATION OE MARINES AT EL TORO AND AT CAMP PENDLETON. WAYNE PLAYS A COLONEL AND FILM DOES CONVEY PROBLEMS OF COMMAND AND CONTROL.",
FROGMEN,,APPROVED,Assisted,1951,,,,,FROGMEN_1951,FILM ABOUT THE NAVY'S UNDERWATER DEMOLITION FORCE THAT LATER EVOLVED INTO THE NAVY SEALS. THE SERVICE PROVIDED ITS DIVERS AND LOCALES,
GO FOR BROKE,,APPROVED,Assisted,1951,,,,,GO FOR BROKE_1951,STORY OF JAPANESE-AMERICAN REGIMENT WHICH FOUGHT HEROICALLY IN ITALY IN WWII. ARMY PROVIDED MEN AND EQUIPMENT,
OPERATION PACIFIC,,APPROVED,Assisted,1951,,,,,OPERATION PACIFIC_1951,"FULL NAVY COOPERATION ON FIRST WORLD WAR II POST-WAR SUBMARINE MOVIE STARRING JOHN WAYNE. NAVY'S ONLY PROBLEM WITH FILM WAS PORTRAYAL OF TORPEDO PROBLEMS IN FIRST YEAR OF WAR. SHOWED TORPEDOS WERE DEFECTIVE WHICH SERVICE AND PENTAGON DID NOT APPRECIATE BEING PORTRAYED. AT SAME TIME, SHOWS HOW WAYNE SOLVED PROBLEM AND SO HELPED WIN The WAR. USE OF SUBMARINE,",
SUBMARINE COMMAND,,APPROVED,Assisted,1951,,,,,SUBMARINE COMMAND_1951,"STORY STARTS AT END OF WORLD WAR II, BUT MOSTLY SET IN KOREAN THEATER EVEN THOUGH SUBMARINES ACTUALLY HAD VIRTUALLY NO ROLE IN WAR. HOWEVER, NAVY PROVIDED A SUBMARINE FOR EXTERIOR SHOTS",
TARGET UNKNOWN,,APPROVED,Assisted,1951,,,,,TARGET UNKNOWN_1951,"STORY OF AMERICAN FLIERS SHOT DOWN OVER OCCUPIED FRANCE, CAPTURED, INTERROGATED, AND ESCAPE TO SEND MESSAGE OF WHERE TO BOMB TO HIT GASOLINE TANKS BEFORE INVASION. ONLY FILM TO FEATURE B-26 BOMBERS IN WORLD WAR II ACTION",
BIG JIM MCLEAN,,LIMITED,Assisted,1952,,,,,BIG JIM MCLEAN_1952,COLD WAR ESPIONAGE MOVIE WITH JOHN WAYNE AS HERO. NAVY PROVIDED LOCATIONS IN PEARL HARBOR FOR BACKGROUND SHOTS OF SHIPS AND WAYNE ABOARD A SHIP.,
BATTLE ZONE,,APPROVED,Assisted,1952,,,,,BATTLE ZONE_1952,KOREAN WAR FILM THAT RECEIVED COOPERATION,
RED BALL EXPRESS,,APPROVED,Assisted,1952,,,,,RED BALL EXPRESS_1952,STORY OF LOGISTICS SUPPORT OF ARMY FOLLOWING BREAKOUT FROM NORMANDY BEACHHEAD. ARMY PROVIDED MEN AND EQUIPMENT,
EIGHT IRON MAN,,OTHER,Not assisted,1952,,,,,EIGHT IRON MAN_1952,WORLD WAR II MOVIE WITH LESS THAN FAVORABLE IMAGES OF AMERICAN FIGHTING MEN. PRODUCERS DID NOT REQUEST COOPERATION.,
FLAT TOP,,APPROVED,Assisted,1952,,,,,FLAT TOP_1952,MADE WITH FULL COOPERATION OF NAVY. DERIVATIVE OF EARLIER AIRCRAFT CARRIER MOVIES. USED MOSTLY COMBAT FOOTAGE TO CREATE STORY,
FRANCIS GOES TO WEST POINT,,APPROVED,Assisted,1952,,,,,FRANCIS GOES TO WEST POINT_1952,ARMY ALLOWED FILMMAKERS TO SHOOT EXTERIOR SCENES AT THE MILITARY ACADEMY,
JUMPING JACKS,,APPROVED,Assisted,1952,,,,,JUMPING JACKS_1952,JERRY LEWIS AND DEAN MARTIN SERVICE COMEDY. BOYS END UP AS PARATROOPERS IN THE ARMY. ILLUSTRATES DRAMATIC LICENSE WHEN ONE STAR LANDS ON PARACHUTE OF OTHER STAR DURING A SCENE OF PARACHUTE JUMPING COURTESY US. ARMY,
ONE MINUTE TO ZERO,,APPROVED,Assisted,1952,,,,,ONE MINUTE TO ZERO_1952,"ARMY PROVIDED FULL COOPERATION TO FILM ABOUT OPENING DAYS OF KOREAN WAR. HOWEVER, SERVICE THEN OBJECTED TO CLOSING SEQUENCE IN WHICH OFFICER CALLS DOWN ARTILLERY ON LINE OF REFUGEES INFILTRATED WITH NORTH KOREAN SOLDIERS. HOWARD HUGHES REFUSED TO DELETE OR CHANGE SEQUENCE SINCE IT WAS CRUCIAL TO STORY. HUGHES DID CHECK TO MAKE SURE PENTAGON WOULD NOT CANCEL HIS DEFENSE CONTRACTS IF HE REFUSED.",
HELL RETREAT!,,APPROVED,Assisted,1952,,,,,HELL RETREAT!_1952,"NAVY PROVIDED FULL COOPERATION FOR FILM BASED ON JAMES MICHENER'S ARTICLE ABOUT A CARRIER DURING THE KOREAN WAR. SHOWED THE REAL PILOTS (PORTRAYED BY ACTORS, OF COURSE) FLYING THE MISSIONS THE WRITER HAD DESCRIBED. SOME DRAMATIC LICENSE-ONE PILOT DID GUIDE A BLINDED PILOT TO A SAVE LANDING, BUT ON AN AIR FIELD, NOT A CARRIER",
TORPEDO ALLEY,,APPROVED,Assisted,1952,,,,,TORPEDO ALLEY_1952,"SUBMARINE STORY WHICH BEGINS AT END OF WORLD WAR II AND FOCUSES ON KOREAN WAR IN WHICH SUBMARINES ACTUALLY HAD NO ROLE. ONLY ACTION ON LAND, BUT NAVY PROVIDED A SUBMARINE APPROVED ASSISTANCE",
ABOVE AND BEYOND,,APPROVED,Assisted,1953,,,,,ABOVE AND BEYOND_1953,"STORY OF PAUL TIBBETS AND THE ATOMIC BOMB MISSION OVER HIROSHIMA. FULL COOPERATION IN THE FORM OF B-295, MEN, AND LOCATIONS",
BATTLE CIRCUS,,APPROVED,Assisted,1953,,,,,BATTLE CIRCUS_1953,"APPROVED ASSISTANCE, DATE APPROXIMATE",
DESTINATION GOBI,,LIMITED,Assisted,1953,,,,,DESTINATION GOBI_1953,US NAVY WEATHER MEN GO TO GOBI DESERT TO COLLECT WEATHER INFORMATION TO USE FOR ATTACKS ON JAPAN. LIMITED USE OF MEN AND EQUIPMENT,
COMBAT SQUAD,,APPROVED,Assisted,1953,,,,,COMBAT SQUAD_1953,"TYPICAL ARMY STORY SET IN KOREA. ARMY PROVIDED MEN, EQUIPMENT, AND TECHNICAL ADVISOR",
FIGHTER ATTACK,,LIMITED,Assisted,1953,,,,,FIGHTER ATTACK_1953,PILOT SHOT DOWN OVER ITALY DURING WORLD WAR II. RELATIONSHIP DEVELOPS WITH RESISTANCE. SOME COMBAT FOOTAGE,
FLIGHT NURSE,,APPROVED,Assisted,1953,,,,,FLIGHT NURSE_1953,TRITE ROMANTIC STORY SET IN KOREAN WAR LOCALE. AIR FORCE PROVIDED EQUIPMENT AS BACKGROUND.,
FROM HERE TO ETERNITY,,APPROVED,Assisted,1953,,,,,FROM HERE TO ETERNITY_1953,"ARMY DESPERATELY DID NOT WANT TO COOPERATE ON PRODUCTION. HOWEVER, COLUMBIA ENTERED INTO A LONG SERIES OF NEGOTIATIONS. ULTIMATELY, FILMMAKERS SOFTENED PORTRAYALS OF BRUTALITY IN STOCKADE AND HAD A REPELLENT OFFICER FACE DISCIPLINARY ACTION. IN TURN, ARMY ALLOWED FILMMAKERS FULL ACCESS TO SCHOFIELD BARRACKS, HI.",
GIRLS OF PLEASURE ISLAND,,APPROVED,Assisted,1953,,,,,GIRLS OF PLEASURE ISLAND_1953,"SILLY, UNFUNNY COMEDY ABOUT SOLDIERS WHO ESTABLISH BASE ON PACIFIC ISLAND ALREADY OCCUPIED BY A BEVY OF SISTERS AND THEIR FATHER. ARMY PROVIDED MEN AND EQUIPMENT AS BACKGROUND.",
"GLORY BRIGADE, THE",,APPROVED,Assisted,1953,,,,,"GLORY BRIGADE, THE_1953",ORDINARY KOREAN WAR STORY--G.I.S. LEAD GREEK TROOPS INTO ENEMY TERRITORY. ARMY PROVIDED MEN AND EQUIPMENT,
TAKE THE HIGH ROAD,,APPROVED,Assisted,1953,,,,,TAKE THE HIGH ROAD_1953,"FILM ABOUT INFANTRY BASIC TRAINING AT FORT BLISS WITH FULL ARMY COOPERATION. ORIGINALLY WRITTEN ABOUT MARINE BASIC TRAINING AT PARRIS ISLAND, BUT MARINES REFUSED TO COOPERATE BECAUSE OF RECENT TRAINING ACCIDENTS. WENT ALL THE WAY TO COMMANDANT FOR FINAL DECISION",
BAMBOO PRISON,,APPROVED,Assisted,1954,,,,,BAMBOO PRISON_1954,STORY ABOUT AMERICAN PRISONERS OF WAR DURING THE KOREAN WAR. LIMITED USE OF MEN AND EQUIPMENT,
BEACHHEAD,,LIMITED,Assisted,1954,,,,,BEACHHEAD_1954,"MARINE CORPS INITIALLY TURNED DOWN REQUEST FOR COOPERATION SINCE FILM HAD A 50% CASUALTY RATE AT A TIME SERVICE WAS GEARING UP A MAJOR RECRUITING CAMPAIGN. FOUR MEN GO ON PATROL AND TWO DIE. HOWEVER, MARINES LIKED COMPLETED FILM AND PROVIDED THE MARINE BAND AT THE PREMIERE.",Y
"BRIDGES AT TOKO RI, THE",,APPROVED,Assisted,1954,,,,,"BRIDGES AT TOKO RI, THE_1954","MADE WITH FULL COOPERATION OF THE NAVY. BASED ON ARTICLE AND BOOK BY JAMES MICHENER. SHOWED CARRIER JET OPERATIONS WHICH WAS REASON NAVY APPROVED FILM DESPITE ANTI-WAR ENDING WITH WILLIAM HOLDEN, A RELUCTANT WARRIOR, DEAD IN A DITCH AFTER BEING SHOT DOWN.",Y
"CAINE MUTINY, THE",,APPROVED,Assisted,1954,,,,,"CAINE MUTINY, THE_1954","NAVY FOUGHT VALIANTLY TO AVOID ASSISTING ON MOVIE CLAIMING IT HAD NEVER EXPERIENCED A MUTINY ON ONE OF ITS SHIPS (NOT ACCURATE). STANLEY KRAMER FOUGHT EVEN HARDER TO OBTAIN ASSISTANCE AND FINALLY WORE DOWN NAVY AFTER CHANGING PORTRAYAL OF QUEEG, SHOWING HIM THE VICTIM OF THE STORY BECAUSE HIS MEN WOULD NOT SUPPORT HIM.",Y
PRISONER OF WAR,,APPROVED,Assisted,1954,,,,,PRISONER OF WAR_1954,STORY OF AMERICANS IN NORTH KOREAN PRISON CAMP. ONLY IMPORTANCE OF FILM IS THAT RONALD REAGAN PARACHUTES INTO CAMP TO ASCERTAIN SITUATION. ARMY PROVIDED ASSISTANCE TO CREATE CAMP AND TO PROVIDE MEN AND EQUIPMENT,Y
"GLENN MILLER STORY, THE",,APPROVED,Assisted,1954,,,,,"GLENN MILLER STORY, THE_1954",AIR FORCE GAVE FULL COOPERATION ON CLOSING PORTION OF THE FILM WHICH HAS GLENN MILLER AND HIS ORCHESTRA IN ENGLAND PLAYING FOR THE TROOPS,
MEN OF THE FIGHTING LADY,,APPROVED,Assisted,1954,,,,,MEN OF THE FIGHTING LADY_1954,"NAVY PROVIDED FULL COOPERATION FOR FILM BASED ON JAMES MICHENER'S ARTICLE ABOUT A CARRIER DURING THE KOREAN WAR. SHOWED THE REAL PILOTS (PORTRAYED BY ACTORS, OF COURSE) FLYING THE MISSIONS THE WRITER HAD DESCRIBED. SOME DRAMATIC LICENSE-ONE PILOT DID GUIDE A BLINDED PILOT TO A SAFE LANDING, BUT ON AN AIRFIELD, NOT A CARRIER",
ANNAPOLIS STORY,,APPROVED,Assisted,1955,,,,,ANNAPOLIS STORY_1955,"NAVY PROVIDED FULL COOPERATION. NOT REALLY ABOUT ANNAPOLIS, BUT ABOUT CARRIER WARFARE DURING THE KOREAN WAR. A FEW SCENES TAKE PLACE AT ANNAPOLIS AND SOME DURING FLIGHT SCHOOL AT PENSACOLA.",
BATTLE CRY,,APPROVED,Assisted,1955,,,,,BATTLE CRY_1955,"THIS IS THE QUINTESSENTIAL MARINE FILM OF THE POST-WAR PERIOD. JOHN WAYNE MAY HAVE BEEN THE MARINE FOR MOST AMERICANS, BUT SOME FORMER MARINES SAY ""BATTLE CRY"" BETTER REPRESENTED THEIR EXPERIENCES IN BOOT CAMP AND IN THE PACIFIC. RECEIVED FULL COOPERATION AT THE RECRUIT DEPOT IN SAN DIEGO, CAMP PENDLETON, AND DURING A TRAINING EXERCISE ON VIEQUES ISLAND (PUERTO RICO).",Y
BATTLE TAXI,,APPROVED,Assisted,1955,,,,,BATTLE TAXI_1955,"UNEXCEPTIONAL STORY OF ARMY HELICOPTERS IN KOREA WAR. USE OF MEN, EQUIPMENT, HELICOPTERS",
BLOOD ALLEY,,OTHER,Not assisted,1955,,,,,BLOOD ALLEY_1955,NEED ADDITIONAL INFORMATION,
COURT MARTIAL OF BILLY MITCHELL,,LIMITED,Assisted,1955,,,,,COURT MARTIAL OF BILLY MITCHELL_1955,VERY LIMITED ASSISTANCE IN THE FORM OF NEWSREEL FOOTAGE AND ADVICE,
ETERNAL SEA,,APPROVED,Assisted,1955,,,,,ETERNAL SEA_1955,"TRUE STORY OF ADMIRAL HOSKINS, NAVY FLIER WHO LOSES LEG ON PRINCETON THE DAY HE IS SUPPOSED TO TAKE COMMAND. USES NAVY REGS TO REMAIN ON ACTIVE DUTY. LATER BECAME FIRST NAVY PILOT TO FLY A JET FIGHTER OFF CARRIER DECK, FULL COOPERATION",
FRANCIS IN THE NAVY,,APPROVED,Assisted,1955,,,,,FRANCIS IN THE NAVY_1955,"ANOTHER IN THE SERIES OF FRANCIS THE TALKING MULE COMEDIES. THE NAVY PROVIDED SHIPS, MEN, AND LOCALES AS BACKGROUND TO THE COMEDY. TYPICAL SERVICE FARCE.",
FRANCIS JOINS THE WACS,,APPROVED,Assisted,1955,,,,,FRANCIS JOINS THE WACS_1955,"ANOTHER IN THE TALKING MULE SERIES-SET, IN PART, ON A WAC BASE",
THE LONG GRAY LINE,,APPROVED,Assisted,1955,,,,,THE LONG GRAY LINE_1955,FULL COOPERATION AT WEST POINT FOR STORY OF IRISH ATHLETIC TRAINER WHO ARRIVED AS AN IMMIGRANT AND STAYED HIS WHOLE LIFE AT THE MILITARY ACADEMY. HE KNEW ALL THE GREAT GENERALS WHO PASSED THROUGH THE DOOR INCLUDING PRESIDENT EISENHOWER. ARMY GAVE FULL COOPERATION TO STORY OF ATHLETIC TRAINER AT WEST POINT. ALL EXTERIOR FILMING DONE THERE.,
"MCCONNELL STORY, THE",,APPROVED,Assisted,1955,,,,,"MCCONNELL STORY, THE_1955",AIR FORCE GAVE FULL COOPERATION TO FICTIONALIZE BIOGRAPHY OF JET TEST PILOT AND HIS COMBAT IN KOREA,
MISTER ROBERTS,,APPROVED,Assisted,1955,,,,,MISTER ROBERTS_1955,"NAVY VERY RELUCTANTLY PROVIDED ASSISTANCE IN FORM OF FREISHTER AND SOME MEN. NOT A GOOD IMAGE MADE OF THE NAVY OR ITS OFFICERS. HOWEVER, JOHN FORD WAS TO DIRECT AND HE HAD A LONG STANDING RELATIONSHIP WITH THE NAVY--""PEARL HARBOR,""(DOC), ""MIDWAY,“ (DOC), “MEN WITHOUT WOMEN,"" 'THEY WERE EXPENDABLE,"" ETC. SD FINALLY AGREED TO PROVIDE A WORLD WAR II MERCHANT SHIP.",
STRATEGIC AIR COMMAND,,APPROVED,Assisted,1955,,,,,STRATEGIC AIR COMMAND_1955,"CLASSIC COLD WAR MOVIE ABOUT THE STRATEGIC AIR COMMAND AND ITS MISSION. JIMMY STEWART PLAYS A BASEBALL PLAYER RECALLED TO ACTIVE DUTY TO FLY B-47'S. FILM MADE WITH ASSISTANCE OF CURTIS LEMAY AND THE AIR FORCE WHICH PROVIDED MEN, EQUIPMENT, AND MOST IMPORTANT, AIRPLANES INCLUDING THE NEWLY DELIVERED B-52. THE FILMMAKERS DESIRE TO FILM CLOSE ORDER TAKEOFFS CAUSED MAJOR DAMAGE TO THE JET ENGINES AS THE PLANES TAXIED IN CLOSE ORDER. HUNDREDS OF THOUSANDS OF DOLLARS HAD TO BE SPENT ON REPAIRS. NOT REIMBURSED. BUT GREAT BENEFIT TO SAC.",Y
ATTACK!,,DENIED,Not assisted,1956,,,,,ATTACK!_1956,ATTACK! WAS THE FIRST MAJOR MILITARY MOVIE IN THE POST-WORLD WAR II PERIOD WHICH DID NOT RECEIVE ARMY COOPERATION BECAUSE OF THE STORY LINE IN WHICH AN ENLISTED MAN KILLED HIS COMMANDER DUE TO THE OFFICER'S INCOMPETENCE.,
AWAY ALL BOATS,,APPROVED,Assisted,1956,,,,,AWAY ALL BOATS_1956,"FULL NAVY COOPERATION PORTRAYING AMPHIBIOUS LANDINGS, USE OF SHIPS AND LANDING CRAFT",
BATTLE HYMN,,OTHER,Not assisted,1956,,,,,BATTLE HYMN_1956,"STORY OF DEAN HESS, JET FIGHTER PILOT IN KOREA TURNED MINISTER. AIR FORCE GAVE FULL COOPERATION IN FORM OF PLANES, MEN, AND LOCALES",
BATTLE STATIONS,,APPROVED,Assisted,1956,,,,,BATTLE STATIONS_1956,"SLIGHTLY FICTIONALIZED STORY OF THE ATTACK ON THE USS FRANKLIN, CLOSE TO A DOCUDRAMA AND DOCUMENTARY OF LIFE ON A WORLD WAR II CARRIER. NAVY PROVIDED USE OF CARRIER AND COMBAT FOOTAGE.",
BETWEEN HEAVEN AND HELL,,APPROVED,Assisted,1956,,,,,BETWEEN HEAVEN AND HELL_1956,TYPICAL WORLD WAR II MOVIE IN WHICH HERO BECOMES A DIFFERENT PERSON FROM HIS EXPERIENCES. ARMY PROVIDED MEN AND EQUIPMENT,
"BOLD AND THE BRAVE, THE",,OTHER,Not assisted,1956,,,,,"BOLD AND THE BRAVE, THE_1956","WORLD WAR II ARMY FILM, FOCUSED ON MEN DOING THE FIGHTING IN ITALY",
"D-DAY, THE SIXTH OF JUNE",,LIMITED,Assisted,1956,,,,,"D-DAY, THE SIXTH OF JUNE_1956","LOVE STORY SET IN DAYS BEFORE D-DAY. SMALL SCALE LANDING FILMING ON CALIFORNIA COAST NORTH OF LOS ANGELES. ARMY PROVIDED LIMITED ASSISTANCE IN FORM OF TECHNICAL ADVISOR, EQUIPMENT, AND MEN",
GIANT,,LIMITED,Assisted,1956,,,,,GIANT_1956,ARMY PROVIDED BURIAL DETAIL FOR ONE SCENE IN THE MOVIE,
HOLD BACK THE NIGHT,,APPROVED,Assisted,1956,,,,,HOLD BACK THE NIGHT_1956,STORY OF MARINE RETREAT FROM THE YALU. FILMED WITH FULL MARINE COOPERATION. MEN AND EQUIPMENT,
"GIRL HE LEFT BEHIND, THE",,APPROVED,Assisted,1956,,,,,"GIRL HE LEFT BEHIND, THE_1956",SILLY ARMY COMEDY FOLLOWS NEW RECRUIT THROUGH TRIALS AND TRIBULATIONS,
"BAILOUT AT 43,000 FEET",,APPROVED,Assisted,1957,,,,,"BAILOUT AT 43,000 FEET_1957","FULL AIR FORCE COOPERATION ON STORY OF THE DEVELOPMENT OF THE EJECTION SYSTEM FOR B-475. MEN, PLANES, LOCALES",
"D.I., THE",,APPROVED,Assisted,1957,,,,,"D.I., THE_1957","THIS IS THE CLASSIC PORTRAYAL OF A D.I. TURNING RECRUITS INTO MARINES. THE CORP'S IMAGE HAD SUFFERED FROM SEVERAL TRAINING ACCIDENTS IN PRIOR YEARS AND JACK WEBB'S PORTRAYAL HELPED RE-ESTABLISH THE IMAGE OF THE CORPS AS COMPRISED OF A FEW GOOD MEN. MARINES PROVIDED FULL COOPERATION AT PARRIS ISLAND, LOCALES, MEN, AND EQUIPMENT.",Y
BOMBERS B-52,,APPROVED,Assisted,1957,,,,,BOMBERS B-52_1957,PRO-SAC FILM MADE WITH FULL COOPERATION OF CURTIS LEMAY AND THE AIR FORCE. PORTRAYED THE TRANSITION FROM 0475 TO B-SZS. BLATANT PROPAGANDA FOR SAC MISSION,Y
BEGINNING OF THE END,,OTHER,Not assisted,1957,,,,,BEGINNING OF THE END_1957,"TYPICAL ATOMIC GENERATED ENEMY, IN THIS CASE GIANT GRASSHOPPERS, ILLINOIS NATIONAL GUARD TRIES AND FAILS TO STOP ADVANCE TOWARD CHICAGO. REGULAR ARMY BROUGHT IN IN FORM OF ABOUT FIVE MINUTES OF STOCK COMBAT FOOTAGE SHOWING TANKS, TRUCKS, ARTILLERY, MEN ALL FIRING AT GRASSHOPPERS WITHOUT SUCCESS. THE MILITARY (ACTORS TO BE SURE) APPEARS THROUGHOUT FILM AS AUTHORITY FIGURES DOING BEST TO SAVE THE WORLD.",Y
DEADLY MANTIS,,OTHER,Not assisted,1957,,,,,DEADLY MANTIS_1957,"TYPICAL SCIENCE FICTION IN WHICH MILITARY IS CALLED IN TO DEFEAT MONSTER, LIMITED HELP FROM ARMY, NAVY, AIR FORCE",
DON'T GO NEAR THE WATER,,APPROVED,Assisted,1957,,,,,DON'T GO NEAR THE WATER_1957,NAVY COMEDY IN SOUTH SEAS WORLD WAR II SETTING. SAILORS BUILDING A RECREATION HALL ON ISLAND-NAVY PROVIDED FULL COOPERATION (MOSTLY SAILORS AND SHIPS IN BACKGROUND).,
ENEMY BELOW,,APPROVED,Assisted,1957,,,,,ENEMY BELOW_1957,FULL COOPERATION AT PEARL HARBOR FROM NAVY. PORTRAYS DUEL BETWEEN AN AMERICAN DESTROYER AND GERMAN SUBMARINE. GERMAN AND AMERICAN ARE BROTHERS IN ARMS WITH NO MENTION OF NATURE OF REGIME FOR WHICH THE GERMAN IS FIGHTING.,
HEAVEN KNOWS MR ALLISON,,APPROVED,Assisted,1957,,,,,HEAVEN KNOWS MR ALLISON_1957,THE MARINES PROVIDED A SMALL LANDING FORCE AS BACKGROUND FOR RESCUE OF A MARINE AND A NUN FROM A SOUTH PACIFIC ISLAND DURING WORLD WAR II. REAL PROBLEM CAME FROM PRODUCTION CODE OFFICE WHICH WAS CONCERNED THAT THE STORY MIGHT TAKE AN ANTI-CATHOLIC APPROACH.,
HELLCATS OF THE NAVY,,APPROVED,Assisted,1957,,,,,HELLCATS OF THE NAVY_1957,NAVY GAVE FULL COOPERATION TO SUBMARINE MOVIE STARRING RONALD AND NANCY REAGAN. TYPICAL FILM WHICH INVOLVED CLASH BETWEEN CAPTAIN WHO DOESN'T THINK EXEC IS READY FOR COMMAND AND EXEC WHO THINKS HE IS.,Y
JET PILOT,,APPROVED,Assisted,1957,,,,,JET PILOT_1957,"HOWARD HUGHES MADE FILM IN 1950 WITH ASSISTANCE FROM AIR FORCE. HOWEVER, HE DID NOT RELEASE IT FOR SEVEN YEARS. CHUCK YEAGER DID SOME OF FLYING SEQUENCES WHILE-STILL IN AIR FORCE. JOHN WAYNE AS AMERICAN PILOT FALLS IN LOVE WITH RUSSIAN WOMEN JET ACE.",
SAYONARA,,APPROVED,Assisted,1957,,,,,SAYONARA_1957,"AIR FORCE INITIALLY RELUCTANT TO PROVIDE ASSISTANCE BECAUSE OF INTERRACIAL DATING AND SUICIDE OF ONE OF ITS ENLISTED MEN. ULTIMATELY, PROVIDED PLANES AND EQUIPMENT",Y
WINGS OF EAGLES,,APPROVED,Assisted,1957,,,,,WINGS OF EAGLES_1957,"STORY OF EARLY NAVY AVIATOR, SPIG WEAD. AFTER HE SUFFERED A PARALYZING ACCIDENT, WENT TO HOLLYWOOD AND BECAME SCREENWRITER, PARTICULARLY OF NAVY STORIES THAT HELPED RECRUITING, ETC. WORKED EXTENSIVELY WITH JOHN FORD AND JOHN WAYNE PLAYED WEAD IN THIS SOMEWHAT FICTIONALIZED STORY. PARTICULAR COOPERATION ON WORLD WAR II SEQUENCES WHERE WEAD RETURNS TO ACTIVE DUTY AND IS CREDITED WITH DEVELOPING CONCEPT OF AUXILIARY CARRIERS.",
DEEP SIX,,APPROVED,Assisted,1958,,,,,DEEP SIX_1958,NAVY PROVIDED FULL COOPERATION ON FILM ABOUT A QUAKER IN THE SERVICE WHO BECOMES A HERD AFTER EARLY INABILITY TO FIGHT.,
BEAST OF BUDAPEST,,LIMITED,Assisted,1958,,,,,BEAST OF BUDAPEST_1958,STORY OF HUNGARIAN UPRISING OF 1956. ARMY PROVIDED A FEW TANKS FOR SCENES OF SOVIET TANKS COMING INTO BUDAPEST,
DARBY'S RANGERS,,APPROVED,Assisted,1958,,,,,DARBY'S RANGERS_1958,ARMY PROVIDED FULL COOPERATION ON STORY BASED ON FACT OF RANGERS IN NORTH AFRICA AND ITALY DURING WORLD WAR II. SERVICE PROVIDED MEN AND EQUIPMENT.,
DEEP FREEZE,,OTHER,Not assisted,1958,,,,,DEEP FREEZE_1958,NEED ADDITIONAL INFORMATION,
FRAULEIN,,LIMITED,Assisted,1958,,,,,FRAULEIN_1958,"ARMY PROVIDED LIMITED ASSISTANCE WITH MEN, BACKGROUND, AND EQUIPMENT ON LOCATION IN GERMANY--FILM SET IN LAST DAYS OF THE WAR AND DURING THE OCCUPATION",
"HUNTERS, THE",,APPROVED,Assisted,1958,,,,,"HUNTERS, THE_1958",BIG BUDGET FILM ABOUT JET FIGHTERS IN KOREA AND THEIR BATTLES WITH SOVIET MIGS. AIR FORCE PROVIDED PLANES USED IN SPECTACULAR FLYING SEQUENCES AND PROVIDED GUN CAMERA STOCK FOOTAGE.,
IN LOVE AND WAR,,LIMITED,Assisted,1958,,,,,IN LOVE AND WAR_1958,ARMY PROVIDED LIMITED ASSISTANCE IN WORLD WAR II FILM SHOWING EFFECT OF WAR ON THREE SOLDIERS. SOME MEN AND EQUIPMENT IN BACKGROUND,
KINGS GO FORTH,,APPROVED,Assisted,1958,,,,,KINGS GO FORTH_1958,ROMANCE SET IN FRANCE DURING WORLD WAR II. TWO FRIENDS FALL FOR SAME FRENCH GIRL NOT KNOWING SHE IS HALF-BLACK. ARMY PROVIDED MEN AND EQUIPMENT,Y (UM...WHAT?)
"YOUNG LIONS, THE",,APPROVED,Assisted,1958,,,,,"YOUNG LIONS, THE_1958","PENTAGON AND STATE DEPARTMENT WENT THROUGH LONG PERIOD OF NEGOTIATIONS BEFORE AGREEING TO COOPERATION. PART OF PROBLEM WAS PORTRAYAL OF GERMAN OFFICER PORTRAYED BY MARLON BRANDO. IN IRWIN SHAW‘S BOOK, HE WAS A CRUEL NAZI. GIVEN REHABILITATION OF GERMAN IMAGE DUE TO COLD WAR ALLIANCES, BRANDO BECOMES A GUILT-STRUCK, GOOD GERMAN. ANTI-SEMITISM WITHIN ARMY ALSO PLAYED DOWN",
NAKED AND THE DEAD,,APPROVED,Assisted,1958,,,,,NAKED AND THE DEAD_1958,NORMAN MAILER'S NOVEL OF SAME NAME TRANSFERRED TO SCREEN WITH ARMY ASSISTANCE AFTER EXTENSIVE NEGOTIATIONS,
"RUN DEEP, RUN SILENT",,APPROVED,Assisted,1958,,,,,"RUN DEEP, RUN SILENT_1958","NAVY PROVIDED FULL ASSISTANCE TO FILM WHICH MANY CONSIDER A CLASSIC SUBMARINE STORY. HELP INCLUDED SUBMARINE FOR EXTERIOR SHOTS AND PIECES OF EQUIPMENT TO CREATE INTERIORS. HOWEVER FILM IS FILLED WITH PROBLEMS INCLUDING SPRINGBOARD IN WHICH HERO'S SUBMARINE IS DESTROYED IN SOUTH CHINA SEA, FLOATS ON SURFACE, AND ENDS UP BACK IN HAWAII WITH NO EXPLANATION. ALSO CONFLICT BETWEEN CAPTAIN AND EXEC OFFICER. ALSO, MODEL OF SUBMARINE UNDER WATER HAS BUBBLES COMING FROM SCREW",
SOUTH PACIFIC,,APPROVED,Assisted,1958,,,,,SOUTH PACIFIC_1958,"THE MARINES AND THE NAVY PROVIDED MEN AND EQUIPMENT FOR THE MUSICAL. BOTH SERVICES DID HAVE SOME PROBLEMS WITH THE STORY AND IMAGES, BUT OVERLOOKED THEM BECAUSE OF THE GENRE",Y
TORPEDO RUN,,APPROVED,Assisted,1958,,,,,TORPEDO RUN_1958,DULL WORLD WAR II SUBMARINE STORY WHICH RECEIVED THE USUAL SUBMARINE FROM THE NAVY. BASED LOOSELY ON TRUE STORY IN WHICH A SUB CAPTAIN SINKS A JAPANESE FREIGHTER (WHILE TRYING TO HIT AN AIRCRAFT CARRIER] ON WHICH HIS FAMILY WAS SAILING TO POW CAMP,
CLIPPED WINGS,,LIMITED,Assisted,1959,,,,,CLIPPED WINGS_1959,"FULL NAVY COOPERATION, SHIPS, MEN AND EQUIPMENT FOR STORY SET IN BATTLE OF CORAL SEA",
DON'T GIVE UP THE SHIP,,LIMITED,Assisted,1959,,,,,DON'T GIVE UP THE SHIP_1959,JERRY LEWIS LOSES A BATTLESHIP AND CAN'T REMEMBER WHERE HE PUT IT. ONE OF HIS BEST COMEDIES. NAVY PROVIDED A FEW SCENES OF SHIPS AS BACKGROUND,Y
JOHN PAUL JONES,,APPROVED,Assisted,1959,,,,,JOHN PAUL JONES_1959,"FILM BIOGRAPHY OF JOHN PAUL JONES. FILM OPENS AND CLOSES WITH SCENES OF MODERN NAVY SHIPS INCLUDING SHOTS ABOARD AN AIRCRAFT CARRIER. STORY THEN TOLD IN A FLASHBACK, ALBEIT NOT A COMPLETELY ACCURATE RENDERING OF JONES' LIFE. HOWEVER MESSAGE IN FILM IS THE NEED FDR THE UNITED STATES TO HAVE A STRONG NAVY TO PRoTECT IT",
ON THE BEACH,,OTHER,Not assisted,1959,,,,,ON THE BEACH_1959,"NAVY HAD MAJOR PROBLEMS WITH SCRIPT, PARTICULARLY THE IMPLICATION THAT THE US. MIGHT HAVE CAUSED WORLD WAR III. YET PORTRAYAL OF GREGORY PECK AS AMERICAN SUBMARINE CAPTAIN IS VERY POSITIVE. NAVY GAVE DIRECTOR STANLEY KRAMER A RIDE ABOARD NUCLEAR SUB AND ART DEPT ACCESS TO SUB. REFUSED TO SEND A SUB TO AUSTRALIA. KRAMER SECURED USE OF AUSTRALIAN SUB. AFTER FILMING DONE, AMERICAN SUB DID SHOW UP, BUT TOO LATE",
OPERATION PETTICOAT,,APPROVED,Assisted,1959,,,,,OPERATION PETTICOAT_1959,"NAVY GAVE FULL COOPERATION FOR STORY BASED ON ACTUAL EVENTS AT BEGINNING OF WORLD WAR I WHEN A SUBMARINE RESCUED NURSES IN THE PHILIPPINES. SUB LOOKED ""PINK"" BECAUSE IT WAS BEING PAINTED WHEN WAR BEGAN.",
PORK CHOP HILL,,APPROVED,Assisted,1959,,,,,PORK CHOP HILL_1959,"ARMY GAVE FULL COOPERATION TO STORY OF ASSAULT ON UNIMPORTANT HILL IN KOREA DURING FINAL STAGES OF TRUCE NEGOTIATIONS. BOTH SIDES KNEW HILL WAS OF NO VALUE EXCEPT FOR AMERICAN DEMONSTRATION OF WILLINGNESS TO KEEP FIGHTING IF NECESSARY. MEN KNEW THIS, BUT OBEYED ORDERS AND TOOK HILL. PRODUCER MADE MOVIE TO SHOW FUTILITY OF WAR AND TO SHOW THAT BLACKS HAD FOUGHT BRAVELY DESPITE STORIES TO THE CONTRARY FOLLOWING THE BATTLE",Y
ALL THE YOUNG MEN,,APPROVED,Assisted,1960,,,,,ALL THE YOUNG MEN_1960,MARINES PROVIDED MEN AND EQUIPMENT FOR COMBAT SEQUENCES IN MOVIE SET IN KOREAN WAR,
HELL TO ETERNITY,,APPROVED,Assisted,1960,,,,,HELL TO ETERNITY_1960,WORLD WAR II MARINE FILM BASED ON TRUE STORY OF MARINE WHO HAD BEEN RAISED BY JAPANESE FOSTER PARENTS. FILM CONTAINS MANY BATTLE SCENES CREATED WITH HELP OF MARINES.,
I AIM AT THE STARS,,APPROVED,Assisted,1960,,,,,I AIM AT THE STARS_1960,"ARMY WANTED FILM MADE TO SHOW HOW IT WAS DEVELOPING ITS MISSILES AND HOW IT HAD PUT THE FIRST SATELLITE INTO ORBIT. FILM BECOMES A BIOGRAPHY OF WERNHER VON BRAUN, SHOWING HIS NAZI ORIGINS AND REHABILITATION AS AMERICAN HERO. MUCH CONTROVERSY. NASA REFUSED TO COOPERATE BECAUSE IT DID NOT WANT TO BE ASSOCIATED WITH MAN WHO BUILT ROCKETS WHICH HIT LONDON--UNCHARITABLY SUBTITLED BY SOME CRITICS: ""BUT SOMETIMES I HIT LONDON."" ARMY GAVE FULL ASSISTANCE.",
GALLANT HOURS,,APPROVED,Assisted,1960,,,,,GALLANT HOURS_1960,"DRAMATIZATION OF ADMIRAL HALSEY'S VICTORY AT BATTLE OF GUADALCANAL SEA. ROBERT MONTGOMERY WHO HAD SERVED ON HALSEY‘S STAFF CLAIMED FILM HISTORICALLY ACCURATE ACCOUNT. HOWEVER, FILM ENDS WITH THE SHOOTING DOWN OF ADMIRAL YAMAMOTO, EVEN THOUGH THAT INCIDENT ACTUALLY TOOK PLACE FIVE MONTHS LATER. VERY LITTLE COOPERATION AND NO BATTLE SCENES--JUST SAILORS LISTENING ON LOUDSPEAKERS.",
GI BLUES,,APPROVED,Assisted,1960,,,,,GI BLUES_1960,"ARMY PROVIDED MEN, EQUIPMENT, AND LOCALES FOR ELVIS PRESLEY FILM SET IN GERMANY",
"GREAT IMPOSTOR, THE",,LIMITED,Assisted,1960,,,,,"GREAT IMPOSTOR, THE_1960","LIMITED ASSISTANCE, DATE APPROXIMATE, NO FILE",
X-15,,APPROVED,Assisted,1961,,,,,X-15_1961,AIR FORCE AND NASA PROVIDED FULL COOPERATION ON DOCUDRAMA ABOUT X-15 PROGRAM,
ALL HANDS ON DECK,,APPROVED,Assisted,1961,,,,,ALL HANDS ON DECK_1961,NAVY PROVIDED USE OF LOCATIONS AND A SHIP FOR THIS COMEDY SET IN WORLD WAR II,
ARMORED COMMAND,,APPROVED,Assisted,1961,,,,,ARMORED COMMAND_1961,ARMY PROVIDED MEN AND EQUIPMENT FOR WORLD WAR II STORY,
BATTLE AT BLOODY BEACH,,APPROVED,Assisted,1961,,,,,BATTLE AT BLOODY BEACH_1961,"FULL ARMY COOPERATION ON WORLD WAR II FILM, MEN AND EQUIPMENT",
CRY FOR HAPPY,,LIMITED,Assisted,1961,,,,,CRY FOR HAPPY_1961,PEACETIME MOVIE SET IN OCCUPIED JAPAN WITH NAVY PHOTO TEAM SETTING UP HOUSEKEEPING IN A GEISHA HOUSE. LIMITED USE OF MEN AND SHIPS AS BACKGROUND,
DEVIL AT FOUR O'CLOCK,,OTHER,Not assisted,1961,,,,,DEVIL AT FOUR O'CLOCK_1961,NEED ADDITIONAL INFORMATION,
DONDI,,OTHER,Not assisted,1961,,,,,DONDI_1961,ARMY PROVIDED COURTESY ASSISTANCE TO STORY OF WAR ORPHAN ADOPTED BY SOLDIERS AND BROUGHT TO THE UNITED STATES,
JUDGMENT AT NUREMBERG,,APPROVED,Assisted,1961,,,,,JUDGMENT AT NUREMBERG_1961,"A STANLEY KRAMER ""MESSAGE"" FILM. TRIAL OF GERMAN JUDGES WHO CARRIED OUT HITLER'S LEGAL DECREES. ARMY OFFICER IS CHIEF PROSECUTOR AND FILM SET IN GERMANY. MILITARY PROVIDED ASSISTANCE IN FORM OF EQUIPMENT AND SOLDIERS",
"MARINES, LET'S GO",,LIMITED,Assisted,1961,,,,,"MARINES, LET'S GO_1961","MARINE CORPS DID NOT WANT TO COOPERATE WITH STORY SET ON KOREAN WAR BATTLEFIELDS AND COMEDY OLIRINS LEAVE IN TOKYO. HOWEVER, THE MARINES FELT THEY OWEO DIRECTOR RAOUL WALSH FOR THE EARLIER ”WHAT PRICE GLORY"" ANO ""BATTLE CRY"" AND SO GAVE HIM SOME MEN AND EQUIPMENT AT MARINE CORPS BASE, PENDLETON",
"OUTSIDER, THE",,APPROVED,Assisted,1961,,,,,"OUTSIDER, THE_1961","MARINES GAVE FULL COOPERATION AT RECRUIT DEPOT IN SAN DIEGO AND AT CAMP PENDLETON FOR STORY ABOUT IRA HAYES, AN AMERICAN INDIAN WHO HELPED RAISE THE FLAG ON IWO JIMA. SHOWED HOW THE MARINES, THE MILITARY, AND THE GOVERNMENT USED HAYES TO RAISE BONDS FOR WAR EFFORT BUT DID NOT HELP HIM WHEN HE BECAME ALCOHOLIC. GEN. VICTOR KRULAK BELIEVES THE MARINES WERE GUILTY OF HIS DEATH BECAUSE OF THIS. FILMMAKERS TONED DOWN DEATH OF HAYES.",
FREDDY,PAPER PLATE HERO,APPROVED,Assisted,,,,,,FREDDY_,THE FILM WAS APPROVED BY NUMEROUS SERVICES AND IN THE BEST INTEREST OF THOSE SERVICES. FREDDY WAS THE THIRD FILM TITLE ON THE SAME MARINE CORP SERGEANT. NO RECORD THAT FILM WAS EVER MADE.,
HELL IS FOR HEROES,,APPROVED,Assisted,1962,,,,,HELL IS FOR HEROES_1962,"WORLD WAR II DRAMA ABOUT A SMALL UNIT FORCED TO TRY TO STOP A GERMAN ATTACK. ARMY PROVIDED MEN AND EQUIPMENT TO STAGE BATTLE SCENES. FILM CONSIDERED BETTER THAN MOST OF TYPE IN PART DUE TO WRITING OF ROBERT PIROSH, WHO PREVIOUSLY WON AN OSCAR FOR ""BATTLEGROUND.""",
FLIGHT FROM ASHIYA,,LIMITED,Assisted,1962,,,,,FLIGHT FROM ASHIYA_1962,"MOVIE ABOUT AIR FORCE RESCUE ATTEMPT, PROVIDED LIMITED EQUIPMENT AND MEN AS BACKGROUND",
"LONGEST DAY, THE",,APPROVED,Assisted,1962,,,,,"LONGEST DAY, THE_1962","ARMY, NAVY, AND MARINES GAVE FULL COOPERATION TO RECREATION OF D-DAY. HOWEVER, MASSIVE SCALE OF PRODUCTION SUPPORT RESULTED IN CONGRESSIONAL SCRUTINY AND CRITICISM. ASD(PA) ARTHUR SYLVESTER ORDERED AN INVESTIGATION OF WHOLE PROCESS. HIS NEW REGULATIONS REALLY CHANGED VERY LITTLE EXCEPT THAT FILMMAKERS NOW HAD TO REIMBURSE THE DOD FOR COSTS. ALSO, MILITARY EXTRAS MUST BE IN A LEAVE OR OFF-DUTY STATUS, AND BE HIRED BY THE PRODUCTION COMPANY. SOME POST PRODUCTION CONTROVERSY AROSE BECAUSE PRODUCER DARRYL ZANUCK REFUSED TO REMOVE A SCENE IN WHICH AMERICAN SOLDIERS KILL SOME GERMANS TRYING TO SURRENDER.",Y
MANCHURIAN CANDIDATE,,LIMITED,Assisted,1962,,,,,MANCHURIAN CANDIDATE_1962,DOD GAVE LIMITED ASSISTANCE TO HELP RECREATE OPENING POW SEQUENCE. STORY OF BRAINWASHED POW WHOM THE COMMUNISTS ARE USING AS A PROGRAMMED KILLER,
MCHALE'S NAVY,,LIMITED,Assisted,1962,,,,,MCHALE'S NAVY_1962,BASED ON TELEVISION SERIES ABOUT A PT-BOAT NAVY PROVIDED LIMITED ASSISTANCE,
MERRILL'S MARAUDERS,,APPROVED,Assisted,1962,,,,,MERRILL'S MARAUDERS_1962,"ARMY PROVIDED TECHNICAL ADVISOR, MEN, AND EQUIPMENT FOR FILM ABOUT FRANK MERRILL AND HIS SMALL BAND OF SOLDIERS FIGHTING IN THE BURMA JUNGLE AGAINST THE JAPANESE. TECHNICAL ADVISOR, GENERAL SAMUEL WILSON, WAS MERRILL'S EXECUTIVE OFFICER",
NO MAN IS AN ISLAND,,APPROVED,Assisted,1962,,,,,NO MAN IS AN ISLAND_1962,NAVY PROVIDED MEN AND A SHIP IN THE PHILIPPINES FOR WORLD WAR II STORY OF SAILOR TRAPPED ON GUAM FOR THREE YEARS DURING THE WAR. IMPORTANT ONLY FOR DEATH OF SAILOR WORKING ON EXPLOSIVES FDR FILM WHILE OFF DUTY.,
WAR HUNT,,DENIED,Not assisted,1962,,,,,WAR HUNT_1962,"SMALL STORY ABOUT KOREA. SOLDIER STEALS OFF INTO NIGHT TO KILL NORTH KOREAN ENEMY. AFTER ARMISTICE, HE CONTINUES TO KILL, POSING A THREAT TO PEACE. SO, HIS OWN MEN MUST KILL THE KILLER WHO IS CLEARLY DOING WHAT ARMY TAUGHT HIM TO DO. PENTAGON REFUSED ANY ASSISTANCE SHOWING ONE OF ITS MEN KILLING A FELLOW OFFICER",
BYE BYE BIRDIE,,LIMITED,Assisted,1963,,,,,BYE BYE BIRDIE_1963,"ROCK STAR (GUESS WHO) DRAFTED INTO ARMY. PENTAGON PROVIDED LIMITED, BACKGROUND HELP.",Y
"TREASURE OF VICTORIA PEAK, THE",,DENIED,Not assisted,,,,,,"TREASURE OF VICTORIA PEAK, THE_","THE FILM WAS FOUND TO BE NEGATIVE AND POSSIBLY MISLEADING. THE REQUEST FOR PERSONNEL, EQUIPMENT, AND ON SITE LOCATION WAS DENIED.",
PT-109,,APPROVED,Assisted,1963,,,,,PT-109_1963,STORY OF JFK AND HIS PT-BOAT SINKING DURING WORLD WAR II. NO GREAT AMOUNT OF HELP SINCE NAVY NO LONGER HAD PT-BOATS AND STUDIO HAD TO BUILD THEM. SOME MEN AND EQUIPMENT PROVIDED FOR PRODUCTION.,
"CAPT. NEWMAN, M.D.",,APPROVED,Assisted,1963,,,,,"CAPT. NEWMAN, M.D._1963","STORY OF ARMY PSYCHIATRIST DEALING WITH COMBAT FATIGUE DURING WORLD WAR II. ARMY PROVIDED MEN, EQUIPMENT AND FACILITIES FOR PART-DRAMA, PART-COMEDY FILM",
DONOVAN'S REEF,,OTHER,Not assisted,1963,,,,,DONOVAN'S REEF_1963,THE NAVY PROVIDED COURTESY ASSISTANCE ONLY TO JOHN WAYNE/JOHN FORD COMEDY SET ON PACIFIC ISLAND,Y
55 DAYS AT PEKING,,OTHER,Not assisted,1963,,,,,55 DAYS AT PEKING_1963,PERIOD PIECE ABOUT MARINES IN CHINA DURING THE BOXER REBELLION,
GATHERING OF EAGLES,,APPROVED,Assisted,1963,,,,,GATHERING OF EAGLES_1963,"POSITIVE PORTRAYAL OF SAC, COMPARED TO ""DR. STRANGELOVE"" AND ""FAIL SAFE,"" THEN IN PRODUCTION. FILM RECEIVED FULL COOPERATION FROM SAC AND SHOT ON MILITARY LOCATIONS.",
"GREAT ESCAPE, THE",,LIMITED,Assisted,1963,,,,,"GREAT ESCAPE, THE_1963",CLASSIC POW ESCAPE FILM BASED ON ACTUAL INCIDENT,Y
"THIN RED LINE, THE",,OTHER,Not assisted,1964,,,,,"THIN RED LINE, THE_1964",GOOD VERSION OF JAMES JONES' BOOK ABOUT COMBAT ON GUADALCANAL. MADE IN SPAIN BECAUSE STUDIO HAD MONEY TIED UP IN SPANISH BANK WHICH IT COULD NOT TRANSFER,
AMERICANIZATION OF EMILY,,OTHER,Not assisted,1964,,,,,AMERICANIZATION OF EMILY_1964,"FIRST AMERICAN MOVIE TO SHOW A MILITARY MAN AS A PROFESSED COWARD AND PROUD OF IT. JAMES GARNER IS A ""GO-FER' FOR HIS ADMIRAL IN THE WEEKS BEFORE D-DAY. THE ADMIRAL DECIDES THE FIRST DEAD AMERICAN ON OMAHA BEACH SHOULD BE A NAVY MAN. GARNER ULTIMATELY BECOMES A HERO AND EMILY APPROVES, THUS THE TITLE. NO RECORD OF COMPANY SEEKING COOPERATION GIVEN THE PORTRAYAL. HOWEVER, FILM IS IMPORTANT SINCE IT CONTAINED ANTI-WAR ARGUMENTS AS VIETNAM WAS HEATING UP.",Y
BEARDLESS WARRIORS,,OTHER,Not assisted,1964,,,,,BEARDLESS WARRIORS_1964,NEED ADDITIONAL INFORMATION,
ENSIGN PULVER,,DENIED,Not assisted,1964,,,,,ENSIGN PULVER_1964,"NAVY REFUSED ASSISTANCE TO SEQUEL OF ""MR. ROBERTS"" WHICH HAD RECEIVED ASSISTANCE ONLY BECAUSE JOHN FORD WAS DIRECTING",
GOLDFINGER,,LIMITED,Assisted,1964,,,,,GOLDFINGER_1964,DOD CONTINUED TRADITION OF PROVIDING LIMITED ASSISTANCE TO THE JAMES BOND FILMS,Y
SEVEN DAYS IN MAY,,DENIED,Not assisted,1964,,,,,SEVEN DAYS IN MAY_1964,"THE PENTAGON DENIED ALL ASSISTANCE IN LIGHT OF STORY OF CHAIRMAN OF THE JOINT CHIEFS OF STAFF PLANNING A COUP BECAUSE PRESIDENT SIGNED A DISARMAMENT TREATY. HOWEVER, FILMMAKERS TALKED THEIR WAY ABOARD AN AIRCRAFT CARRIER IN SAN DIEGO TO OBTAIN SHOTS TO CREATE AMBIANCE OF CARRIER. PRODUCER ADMITTED BUT CLAIMED NAVY SHOULD HAVE INFORMED ALL SHIPS NOT TO LET HIM ABOARD AND SAID HE WAS ONLY HELPING DIRECTOR.",Y
VICTORS,,OTHER,Not assisted,1964,,,,,VICTORS_1964,"MAJOR ANTI-WAR FILM WHICH FOLLOWS A UNIT OF SOLDIERS ACROSS EUROPE TO END OF WAR. THERE ONE OF THE HEROES AND A RUSSIAN SOLDIER FIGHT AND KILL EACH OTHER, A PROPHECY OF WHAT HAPPENED. MADE IN EUROPE AND SO NO NEED FOR COOPERATION",
BEDFORD INCIDENT,,DENIED,Not assisted,1965,,,,,BEDFORD INCIDENT_1965,"DIRECTOR & SCREENWRITER RECEIVED AN INFORMATIONAL TRIP ABOARD A DESTROYER. HOWEVER, THE SCRIPT, WHICH FEATURED AN UNACCEPTABLE DESTROYER CAPTAIN WHO PLAYS AN ULTIMATELY FATAL CAT AND MOUSE GAME WITH A SOVIET SUBMARINE. BRITISH PROVIDED ACTUAL DESTROYER AND HELICOPTER DURING THE FILMING.",
FATHER GOOSE,,LIMITED,Assisted,1965,,,,,FATHER GOOSE_1965,LIMITED NAVY ASSISTANCE ON STORY ABOUT AN AMERICAN WHO BECOMES A COAST WATCHER ON A SOUTH PACIFIC ISLAND,
IN HARM'S WAY,,APPROVED,Assisted,1965,,,,,IN HARM'S WAY_1965,"HENRY WINKLER PLAYS A DERANGED VIETNAM VET WHO ESCAPES FROM VA HOSPITAL AND HEADS CROSS COUNTRY TO START A WORM BUSINESS WITH A BUDDY FROM VIETNAM. WHEN HE ARRIVES AT HOME, PARENTS TELL HIM THEIR SON WAS KILLED IN VIETNAM WHICH TRIGGERS VIETNAM FLASHBACK--GOOD REALISTIC FIRE FIGHT SEQUENCE. ARMY ALLOWED FILMMAKERS TO FILM SEQUENCE AT RECRUIT STATION IN TIMES SQUARE. WINKLER TRIES TO DISSUADE BOYS' ENLISTMENT. FIRST FILM TO RECEIVE ANY ARMY ASSISTANCE,",
THE SOUND OF MUSIC,,OTHER,Not assisted,1965,,,,,THE SOUND OF MUSIC_1965,NAVY PROVIDED AN PETTY OFFICER TO TEACH CHRISTOPHER PLUMMER HOW TO BLOW A BOSUN'S PIPE FOR EARLY SCENE IN FILM,
VON RYAN'S EXPRESS,,OTHER,Not assisted,1965,,,,,VON RYAN'S EXPRESS_1965,DID NOT REQUEST ASSISTANCE,
AMBUSH BAY,,APPROVED,Assisted,1966,,,,,AMBUSH BAY_1966,MARINES PROVIDED TYPICAL ASSISTANCE OF MEN AND EQUIPMENT FOR WORLD WAR II MOVIE,
BEACH RED,,DENIED,Not assisted,1967,,,,,BEACH RED_1967,"MARINES LIKED SCRIPT AND PROVIDED COMBAT FOOTAGE WHICH CORNEL WILDE RESTORED. HOWEVER, THE CORPS THEN CONCLUDED THE FILM WOULD MAKE AN ANTI-WAR STATEMENT AT A TIME WHEN VIETNAM WAS ESCALATING AND DECLINED TO PROVIDE ACTUAL ASSISTANCE. INSTEAD, THE PRODUCTION COMPANY USED THE PHILIPPINE ARMY.",Y
DIRTY DOZEN,,OTHER,Not assisted,1967,,,,,DIRTY DOZEN_1967,CLASSIC RENDERING OF MISFIT (IN THIS CASE RAPISTS AND MURDERS) SOLDIERS BEING MOLDED INTO A CRACK RAIDER UNIT INTENDED TO KILL GERMAN OFFICERS TO DISRUPT D-DAY COUNTER-ATTACK. FILM MADE IN ENGLAND AND DIRECTOR SAID THE STUDIO SAW NO NEED TO REQUEST ASSISTANCE.,Y
"EASY COME, EASY GO",,APPROVED,Assisted,1967,,,,,"EASY COME, EASY GO_1967",ELVIS PRESLEY COMEDY FOR WHICH THE NAVY PROVIDED LIMITED ASSISTANCE--PRESLEY PLAYS A FROGMAN,
FIRST TO FIGHT,,APPROVED,Assisted,1967,,,,,FIRST TO FIGHT_1967,"CONVENTIONAL WORLD WAR II MARINE STORY WHICH RECEIVED FULL COOPERATION, MEN, AND EQUIPMENT.",
ANZIO,,APPROVED,Assisted,1968,,,,,ANZIO_1968,TYPICAL ARMY SUPPORT FOR WORLD WAR II STORY SET IN FAMOUS ASSAULT.,
HANOI-RELEASE JOHN NASMYTH,,APPROVED,Assisted,,,,,,HANOI-RELEASE JOHN NASMYTH_,STOCK FOOTAGE AND AIRCRAFT WAS APPROVED FOR USE AT NO ADDITIONAL COST TO THE GOVERNMENT. NO RECORD OF FILMING BEING MADE.,
BAMBOO SAUCER,,LIMITED,Assisted,1968,,,,,BAMBOO SAUCER_1968,CONVOLUTED SCIENCE FICTION STORY ABOUT A FLYING SAUCER. LIMITED AIR FORCE COOPERATION,Y
BATTLE BENEATH THE EARTH,,LIMITED,Assisted,1968,,,,,BATTLE BENEATH THE EARTH_1968,"NAVY PROVIDED LIMITED ASSISTANCE ON THIS SCIENCE FICTION FILM, USE OF SHIP AND LOCALE",
CODE NAME: DELTA FORCE,,DENIED,Not assisted,,,,,,CODE NAME: DELTA FORCE_,"THE CONCEPT OF THE FILM WAS INACCURATE AND CAST THE US. GOVERNMENT, DOD, AND SPECIAL OPERATIONS FORCES IN UNFAVORABLE LIGHT. ASSISTANCE DENIED. NO RECORD FILM MADE",
DEVIL'S BRIGADE,,APPROVED,Assisted,1968,,,,,DEVIL'S BRIGADE_1968,"TYPICAL GROUP OF MISFITS A LA ""THE DIRTY DOZEN,"" WHOM WILLIAM HOLDEN MOLDS INTO CRACK UNIT ALONG WITH CANADIAN CONTINGENT. RECEIVED FULL ARMY COOPERATION IN FORM OF MEN, LOCATIONS, AND EQUIPMENT",
FACE OF WAR,,APPROVED,Assisted,1968,,,,,FACE OF WAR_1968,MARINE CORPS DOCUMENTARY ABOUT WORLD WAR II COMBAT,
ICE STATION ZEBRA,,APPROVED,Assisted,1968,,,,,ICE STATION ZEBRA_1968,"NAVY PROVIDED FULL COOPERATION, USE OF NUCLEAR SUBMARINE, ETC. FOR A MISGUIDED COLD WAR CONFRONTATION FILM. US AND RUSSIAN FORCES FACE OFF IN ARCTIC OVER SPY SATELLITE PHOTOS THAT HAVE FALLEN NEAR RESEARCH STATION.",
THE GREEN BERETS,,APPROVED,Assisted,1968,,,,,THE GREEN BERETS_1968,"JOHN WAYNE ORIGINALLY WROTE DIRECTLY TO PRESIDENT JOHNSON, SAYING HE WANTED TO MAKE A PRO- VIETNAM MOVIE, SHOWING WHY WE HAD TO BE THERE. LONG NEGOTIATIONS, ORIGINAL SCRIPT SHOWED GREEN BERETS GOING INTO NORTH VIETNAM, WHICH ARMY REQUIRED BE DELETED. AFTER APPROVAL, ARMY ALLOWED FILMING ON FORT BENNING GEORGIA. CHARGED $13,000 FOR ALL HELP. THIS WAS A SECOND PROJECT WITH THIS TITLE. FIRST DIED AFTER APPROACH TO DOD",
BRIDGE AT REMAGEN,,OTHER,Not assisted,1969,,,,,BRIDGE AT REMAGEN_1969,"FICTIONALIZED ACCOUNT OF THE CROSSING OF THE RHINE. SINCE MADE BEHIND THE IRON CURTAIN, THE US MILITARY COULD NOT PROVIDE ANY ASSISTANCE. HOWEVER, A RETIRED ARMY OFFICER SERVED AS THE TECHNICAL ADVISOR. IRONY IS THAT DAVID WOLPER, FAMOUS FOR DOCUMENTARIES, FICTIONALIZED A TRUE STORY. NOT GENERALLY CONSIDERED TO BE A WELL-MADE FILM",Y
CASTLE KEEP,,OTHER,Not assisted,1969,,,,,CASTLE KEEP_1969,ANOTHER ARMY WORLD WAR II STORY MADE IN EUROPE WITHOUT ASSISTANCE REQUESTED.,
EXTRAORDINARY SEAMAN,,LIMITED,Assisted,1969,,,,,EXTRAORDINARY SEAMAN_1969,MISGUIDED WORLD WAR II COMEDY. SOME COMBAT FOOTAGE AND SHOTS OF SHIPS,Y (NICE)
HELLO DOLLY,,LIMITED,Assisted,1969,,,,,HELLO DOLLY_1969,ARMY ALLOWED FILMMAKERS TO BUILD A CHURCH ON GROUNDS OF WEST POINT OVERLOOKING THE HUDSON TO FILM THE WEDDING SEQUENCE.,
CATCH-22,,OTHER,Not assisted,1970,,,,,CATCH-22_1970,MOVIE BASED ON CLASSIC AMERICAN NOVEL ABOUT THE ABSURDITIES OF WAR. DIRECTOR MIKE NICHOLS CREATED HIS OWN AIR FORCE OF B-25 BOMBERS FOR FILMING IN MEXICO. FILM WAS NOT A POPULAR SUCCESS IN PART BECAUSE PEOPLE WHO HAD NOT READ THE NOVEL CAME TO THEATER EXPECTING TO SEE A COMBAT MOVIE. DESCRIBED AS A NOBLE FAILURE BY SOME CRITICS,Y
COLOSSUS,THE FORBIN PROJECT,OTHER,Not assisted,1970,,,,,COLOSSUS_1970,"THIS IS A CLASSIC SCIENCE FICTION, COMPUTER FILM IN WHICH COMPUTERS BUILT BY THE US AND THE SOVIET UNION TO CONTROL MILITARY ACTIVITIES JOIN TOGETHER TO TAKE OVER THE WORLD. NO COOPERATION. MILITARY HAS A PRIMARY ROLE IN FILM BUT IS PORTRAYED AS HELPLESS TO PROTECT THE WORLD AGAINST COMPUTERS.",Y
STRIPES,,LIMITED,Assisted,1970,,,,,STRIPES_1970,"PATTON FAMILY OPPOSED PRODUCTION FOR YEARS. ULTIMATELY FRANK MCCARTHY, WHO HAD SERVED AS SECRETARY TO GENERAL GEORGE MARSHALL DURING WAR, PREVAILED ON ARMY TO GIVE BLESSINGS POINTING OUT HE ONLY WANTED TO PORTRAY PUBLIC LIFE OF PATTON WHICH WAS A MATTER OF PUBLIC RECORD. FAMILY APPARENTLY CONCERNED ABOUT PATTON'S RELATIONSHIP WITH HIS NIECE. ARMY ACTUALLY PROVIDED VERY LITTLE ASSISTANCE SINCE IT HAD NO WORLD WAR II EQUIPMENT LEFT. FILM ACTUALLY SHOT IN SPAIN WITH SPANISH EQUIPMENT.",Y
TORA! TORA! TORA!,,APPROVED,Assisted,1970,,,,,TORA! TORA! TORA!_1970,"NAVY GAVE FULL COOPERATION TD RECREATION OF PEARL HARBOR, EVEN THOUGH IT SHOWED WORST NAVY DEFEAT OF ALL TIME. ACCORDING TO DIRECTOR, NAVY HELPED BECAUSE IT SHOWED VALUE OF AIRCRAFT CARRIERS, AND WARNED NATION TO REMAIN ALERT TO FUTURE SNEAK ATTACKS. ONLY REAL PROBLEM RESULTED FROM CONGRESSIONAL CONCERN OVER USE OF CARRIER, AS REPORTED ON ""00 MINUTES,"" WHICH CLAIMED STUDIO WAS GETTING FREE TRANSPORT OF PLANES TO HAWAII. NOT TRUE.",Y
KELLY'S HEROES,,DENIED,Not assisted,1970,,,,,KELLY'S HEROES_1970,UNREALISTIC CHARACTERIZATIONS OF WORLD WAR II SOLDIERS AND NEGATIVE IMAGE OF AMERICAN SOLDIERS STEALING NAZI GOLD. SO TURNDOWN AND FILM SHOT IN EUROPE,
LIMBO,,DENIED,Not assisted,1972,,,,,LIMBO_1972,"NAVY TURNED DOWN REQUEST FOR LIMITED ASSISTANCE ON GROUNDS THAT IT SHOWED POW WIVES BEING UNFAITHFUL AND THAT COMPLETED FILM WOULD BE SHOWN IN NORTH VIETNAM AS SOON AS IT WAS RELEASED IN US. AND THE WIVES‘ INFIDELITY WOULD HURT POW MORALE, ESPECIALLY IF FILM HAD RECEIVED MILITARY SUPPORT.",
CINDERELLA LIBERTY,,DENIED,Not assisted,1973,,,,,CINDERELLA LIBERTY_1973,"DIRECTOR AND FILM COMPANY NEGOTIATED FOR A LONG TIME SEEKING COOPERATION. STICKING POINT WAS THAT SAILOR GOES AWOL TO TAKE CARE OF BOY WHOSE MOTHER IS A PROSTITUTE. ULTIMATELY REACHED A TENTATIVE AGREEMENT, BUT THEN CHIEF OF INFORMATION DECIDED THAT FILM PERPETUATED NEGATIVE IMAGE OF NAVY RESULTING FROM THE VIETNAM WAR-EVEN THOUGH VIETNAM IS NOT MENTION ED AND IS NOT SUBJECT AFTER FINAL TURNDOWN, FILMMAKERS RETURNED TO ORIGINAL SCRIPT",Y
THE LAST DETAIL,,DENIED,Not assisted,1973,,,,,THE LAST DETAIL_1973,"NAVY HAD PROBLEMS WITH FILM FROM BEGINNING. REFUSED TO MEET WITH PRODUCER SAYING HE WOULD BE WASTING TIME COMING TO WASHINGTON. STORY HAD TWO NAVY MP PETTY OFFICERS ASSIGNED AS SHORE PATROL TO ESCORT A ""FELON"" FROM NAVAL BASE, NORFOLK, TO PRISON IN NEW HAMPSHIRE FOR STEALING A FEW DOLLARS FROM CHURCH COLLECTION BOX. ALONG THE WAY, THE MPS SHOW THE PRISONER SOME FUN INCLUDING DRINKING AND SEX. FILMMAKERS DID ""STEAL"" A SHOT OF GATE AT NORFOLK BASE TO GIVE SOME AMBIANCE",Y
HEARTS AND MINDS,,OTHER,Not assisted,1974,,,,,HEARTS AND MINDS_1974,OSCAR-WINNING DOCUMENTARY ABOUT THE AMERICAN EXPERIENCE IN VIETNAM. TAKES POTSHOTS AT MILITARY BUT CAPTURES THE FRUSTRATION OF THE UNITED STATES IN COUNTRY,
AIRPORT 75,,APPROVED,Assisted,1974,,,,,AIRPORT 75_1974,"AIR FORCE PROVIDED USF OF A HELICOPTER IN SEQUENCE WHERE CHARLTON HESTON IS DROPPED INTO DAMAGED 747, BUT ONLY AFTER THE SERVICE ASCERTAINED THAT ITS HELICOPTER COULD ACTUALLY MATCH THE SPEED OF A 747",Y
TOWERING INFERNO,,APPROVED,Assisted,1974,,,,,TOWERING INFERNO_1974,"NAVY PROVIDED A COUPLE OF HELICOPTERS FOR SEVERAL DAYS OF SHOOTING. SERVICE CONSIDERED FILM SHOWED ITS AIRCRAFT DOING WHAT THEY WOULD DO IN A DISASTER AS PORTRAYED IN FILM. HOWEVER, ONE HELICOPTER IS SHOWN CRASHING ON BUILDING, NOT A VERY GOOD IMAGE.",
"HINDENBURG, THE",,LIMITED,Assisted,1975,,,,,"HINDENBURG, THE_1975","NAVY PERMITTED FILM COMPANY TO USE DIRIGIBLE HANGAR ON NAVY BASE OUTSIDE SAN JOSE TO FILM MINIATURE SEQUENCES FOR BIG-BUDGET, STAR FILLED FILM WHICH PROVED AS DISASTROUS AT BOX OFFICE AS ACTUAL SHIP BECAME IN FLIGHT",Y (SHADE)
MIDWAY,,APPROVED,Assisted,1976,,,,,MIDWAY_1976,PORTRAYALS REASONABLY AND HISTORICALLY ACCURATE. APPROVED STOCK FOOTAGE AND USE OF THE AIRCRAFT CARRIER LEXINGTON OFF PENSACOLA FOR STATIONARY SCENES. NO FLYING SEQUENCES AS IN TORA! TORA! TORAL,
KING KONG,,APPROVED,Assisted,1976,,,,,KING KONG_1976,AIR FORCE PROVIDED JETS FOR ATTACK ON KING KONG IN BAD REMAKE OF CLASSIC ORIGINAL. THIS TIME KONG CLIMBS WORLD TRADE CENTER.,Y
BRIDGE TOO FAR,,APPROVED,Assisted,1977,,,,,BRIDGE TOO FAR_1977,"ARMY FOUND SCRIPT EXCELLENT, RELATIVELY SMALL AMERICAN PRESENCE IN BRITISH FILM.",
AIRPORT 77,,APPROVED,Assisted,1977,,,,,AIRPORT 77_1977,NAVY PROVIDED FULL COOPERATION IN THE FORM OF A SEARCH AND RESCUE UNIT AND UNDERWATER RESCUE VEHICLES FOR A TYPICAL DISASTER MOVIE ABOUT THE CRASH OF A PRIVATE 747 CARRYING PRICELESS ART TREASURES. THE SERVICE FELT THE FILM HIGHLIGHTED ITS UNDERWATER RESCUE CAPABILITIES.,Y
CASSANDRA CROSSING,,OTHER,Not assisted,1977,,,,,CASSANDRA CROSSING_1977,"FILM ABOUT ARMY'S PURSUIT OF STOLEN BIOLOGICAL AGENT AND DECISION TO KILL EVERYONE ON TRAIN TO HIDE EXISTENCE OF DISEASE. IMPORTANT FOR COMMENT BY BURT LANCASTER AS COLONEL IN CHARGE OF DESTROYING TRAIN — ""I KNOW YOU DO NOT THINK MUCH OF THE MILITARY ANYMORE, BUT I DO MY JOB AND DO IT WELL."" COMMENT IS A CLEAR REFLECTION OF HOW THE POST-VIETNAM MILITARY WAS VIEWED IN LATE 1970S",Y
CLOSE ENCOUNTERS OF THE THIRD KIND,,DENIED,Not assisted,1977,,,,,CLOSE ENCOUNTERS OF THE THIRD KIND_1977,STUDIO WANTED USE OF A LARGE HANGER IN WHICH TO FILM FINAL SEQUENCE WHEN ALIEN SPACESHIP LANDS. AIR FORCE REFUSED TO ASSIST ON THE GROUNDS THAT IT HAD DENIED THE EXISTENCE OF UFOS OR ALIENS AND SO IT WAS NOT APPROPRIATE TO COOPERATE.,Y
HEROES,,LIMITED,Assisted,1977,,,,,HEROES_1977,"HENRY WINKLER PLAYS A DERANGED VIETNAM VET WHO ESCAPES FROM VA HOSPITAL AND HEADS CROSS COUNTRY TO START A WORM BUSINESS WITH A BUDDY FROM VIETNAM. WHEN HE ARRIVES AT HOME, PARENTS TELL HIM THEIR SON WAS KILLED IN VIETNAM WHICH TRIGGERS VIETNAM FLASHBACK--GOOD REALISTIC FIRE FIGHT SEQUENCE. ARMY ALLOWED FILMMAKERS TO FILM SEQUENCE AT RECRUIT STATION IN TIMES SQUARE. WINKLER TRIES TO DISSUADE BOYS' ENLISTMENT. FIRST FILM TO RECEIVE ANY ARMY ASSISTANCE,",
MACARTHUR,,APPROVED,Assisted,1977,,,,,MACARTHUR_1977,"APPROVED USE OF FILMING ON MILITARY INSTALLATIONS, INCLUDING WEST POINT. VERY POOR PORTRAYAL OF THE GENERAL, IN LARGE PART BECAUSE GREGORY PECK REFUSED TO PLAY CHARACTER WITH WARTS. DESPITE LONG CORRESPONDENCE, ONLY VERY LIMITED COOPERATION EXCEPT AT WEST POINT. DOCUMENTS IN GEORGETOWN UNIVERSITY LIBRARY SUID COLLECTION.",Y
ROLLING THUNDER,,DENIED,Not assisted,1977,,,,,ROLLING THUNDER_1977,AIR FORCE REFUSED TO PROVIDE ASSISTANCE. CLAIMED NO POW HAD RETURNED FROM VIETNAM SCHIZOPHRENIC WHICH IS DESCRIPTION THEY PUT ON WILLIAM DEVANE. ALSO SHOWED UNFAITHFUL WIFE.,Y
TWILIGHT'S LAST GLEAMING,,OTHER,Not assisted,1977,,,,,TWILIGHT'S LAST GLEAMING_1977,"A POST-WAR VIETNAM FILM IN WHICH A RETIRED AIR FORCE OFFICER, BURT LANCASTER, SEIZES A SAC MISSILE SILO AND DEMANDS THE PRESIDENT READ A MEMO SHOWING OUR VENALITY IN VIETNAM. IN THE END THE VENALITY IS SHOWN WHEN THE GOVERNMENT ORDERS THE KILLING OF THE PRESIDENT WHO IS BEING HELD AS A HOSTAGE. FAR—FETCHED AND CERTAINLY SAC WOULD NOT WANT TO SHOW THAT IT MIGHT BE POSSIBLE TO INFILTRATE. ONE OF ITS SILOS",
COMING HOME,,DENIED,Not assisted,1978,,,,,COMING HOME_1978,"MARINES REFUSED TO PROVIDE ASSISTANCE ON STORY WHICH CONTAINED REFERENCE TO LEATHERNECKS IN VIETNAM CUTTING EARS OFF DEAD VIET CONG, PORTRAYING AN OFFICER SUFFERING A BREAKDOWN FROM HIS WAR EXPERIENCES AND COMMITTING SUICIDE, AND A PARALYZED VIETNAM VET ATTACKING THE MARINES. IN FACT, IF SCRIPT SHOT HAD BEEN SUBMITTED, MARINES MIGHT HAVE ASSISTED. IN ANY CASE FILM HELPED CONVINCE MARINE CORPS IT WAS BETTER TO ASSIST THAN TO IGNORE.",
GO TELL THE SPARTANS,,DENIED,Not assisted,1978,,,,,GO TELL THE SPARTANS_1978,"DON BARUCH, IN DOD PUBLIC AFFAIRS, FOUND THE SCRIPT EXCELLENT AND RECOMMENDED THE ARMY WORK TO REVISE SCRIPT TO MAKE IT ACCEPTABLE FOR ASSISTANCE. FILMMAKERS WENT TO L.A. ARMY OFFICE WHERE NEGOTIATIONS BROKE DOWN AND THE COMPANY MADE THE FILM WITHOUT ASSISTANCE. HOWEVER, THEY ASKED THE DEPUTY DIRECTOR OF LA OFFICE TO SERVE AS TECHNICAL ADVISOR AND HE AGREED, TAKING A 30 DAY LEAVE.",
GOOD GUYS WEAR BLACK,,APPROVED,Assisted,1978,,,,,GOOD GUYS WEAR BLACK_1978,"ONE OF FIRST FILMS SET IN VIETNAM TIME FRAME TO RECEIVE ARMY COOPERATION IN THE FORM OF HELICOPTERS AND EQUIPMENT--STORY OF SPECIAL FORCES UNIT SENT BACK TO VIETNAM TO RESCUE POWS, BUT SET UP TO GET RID OF UNIT AS PART OF PEACE AGREEMENT--SURVIVORS ARE BEING KILLED BY ORDER OF SECRETARY OF STATE DESIGNATE WHO AGREED TO ORDERS TO ACHIEVE ACCORD. CHUCK NORRIS IS LEADER OF UNIT, NOW A HISTORY PROFESSOR, WHO SAVES THE DAY.",
"DEER HUNTER, THE",,OTHER,Not assisted,1978,,,,,"DEER HUNTER, THE_1978","PRODUCERS DID NOT APPROACH DOD FOR HELP. OHIO FILM BUREAU DID REQUEST USE OF ANG PLANES WHICH GAVE DOD A CHANCE TO CRITIQUE SCRIPT. FOUND FULL OF ERRORS. NO RUSSIAN ROULETTE, ETC. PRODUCERS HAD SOUGHT USE OF ANG AT YOUNGSTOWN AIRPORT",
"SWARM, THE",,APPROVED,Assisted,1978,,,,,"SWARM, THE_1978",APPROVED AND FOUND TO BE MUTUALLY BENEFICIAL TO THE DEPARTMENT OF DEFENSE. THE USE OF HELICOPTERS WAS ALSO GRANTED.,
GRAY LADY DOWN,EVENT 1000,APPROVED,Assisted,1978,,,,,GRAY LADY DOWN_1978,"THE NAVY PROVIDED SUPPORT OF THE FILM AFTER MANY CHANGES AND SEVERAL PRODUCTIONS INCLUDING FRANK ROSENBERG, WILLIAM ALDRICH, AND BING CROSBY PRODUCTIONS. FILM HAS ALL THE PROBLEMS OF EVERY NAVY SUBMARINE DISASTER MOVIE. LOSING AN ATOMIC SUBMARINE DOES LITTLE TO HELP THE SERVICE'S IMAGE.",
APOCALYPSE NOW,,DENIED,Not assisted,1979,,,,,APOCALYPSE NOW_1979,"COPPOLA CAME INTO PENTAGON WITH SCRIPT WHICH HE SAID HAD NO ENDING YET BUT WANTED HELP. SINCE SCRIPT CALLED FOR ""TERMINATION"" OF ONE OFFICER BY ANOTHER, ARMY ALWAYS REFUSED TO CONSIDER ASSISTANCE. DESPITE SUBSEQUENT EFFORTS, DOD DID NOT ANSWER TELEGRAM TO PRESIDENT CARTER WHICH MARKED END OF COMMUNICATIONS ON FILM. ORIGINAL DOD FILE HAS DISAPPEARED. ENTIRE FILE WAS COPIED AND NOW AT GEORGETOWN UNIVERSITY LIBRARY.",Y
"GREAT SANTINI, THE",,OTHER,Not assisted,1979,,,,,"GREAT SANTINI, THE_1979","APPROVED USE OF MARINE AIRCRAFT, PERSONNEL, AND INSTALLATIONS. NEGOTIATIONS EXTENDED OVER A LONG PERIOD DUE TO PROBLEMS WITH PORTRAYAL OF MARINE OFFICER AS WIFE AND CHILD ABUSER, A PATTON-TYPE WARRIOR, NEEDED IN WAR BUT LOST IN PEACETIME.",
HAIR,,OTHER,Not assisted,1979,,,,,HAIR_1979,"ARMY ORIGINALLY REFUSED TO EVEN CONSIDER COOPERATION, EQUATING FILM SCRIPT WITH ORIGINAL PLAY. IN FACT, SCRIPT ENTIRELY DIFFERENT. PRODUCERS REFUSED TO TAKE NO FOR AN ANSWER AND APPROACHED THE SECRETARY OF THE ARMY FOR HELP. DOD (NORM HATCH) SAID STORY WAS ""VERY RELIGIOUS."" ULTIMATELY CALIFORNIA NATIONAL GUARD PROVIDED A CLOSED BASE AND A PLANE FOR A FEW SCENES.",Y
DAY AFTER TRINITY,,OTHER,Not assisted,1980,,,,,DAY AFTER TRINITY_1980,AWARD WINNING DOCUMENTARY ON THE BUILDING OF THE ATOMIC BOMB WITH INTERVIEWS BY MANY LEADING SCIENTISTS AND MILITARY MEN. MOST LIKELY RECEIVED USE OF DOCUMENTARY FOOTAGE TAKEN BY CORPS OF ENGINEERS DURING WAR.,
BIG RED ONE,,OTHER,Not assisted,1980,,,,,BIG RED ONE_1980,"SAM FULLER TRIED FOR MANY YEARS TO MAKE A SEMI-AUTOBIOGRAPHICAL FILM ABOUT HIS EXPERIENCES IN THE ""BIG RED ONE."" WHEN HE FINALLY MADE IT, HAD TO USE EQUIPMENT IN ISRAEL. NO NEED TO REQUEST ASSISTANCE. HOWEVER, FILM IS HIGHLY POSITIVE IMAGE OF THE ARMY AND WAS FIRST POSITIVE MOVIE ABOUT ARMY SINCE THE END OF THE VIETNAM WAR.",Y
"FINAL COUNTDOWN, THE",AKA THE LAST COUNTDOWN,APPROVED,Assisted,1980,,,,,"FINAL COUNTDOWN, THE_1980","APPROVED BY DOD. NAVY AND MARINE ALSO APPROVED USE OF EQUIPMENT AND INSTALLATIONS. THE USS NIMITZ BECOMES START OF TRITE SCIENCE FICTION MOVIE IN WHICH CARRIER RETURNS TO DECEMBER 6, 1941. WILL IT STOP PEARL HARBOR.",
PRIVATE BENJAMIN,,DENIED,Not assisted,1980,6.2,Warner Bros.,69847348,10000000,PRIVATE BENJAMIN_1980,"FILM ASSISTANCE DENIED. CONTAINED NEGATIVE ASPECTS FOR THE ARMY, E.G., UNREALISTIC, FALSE, AND EXAGGERATED INFORMATION AS WELL. ARMY FOCUSED ON FALSE RECRUITING PITCH AND PORTRAYAL OF BASIC TRAINING.",
RAISE THE TITANIC,,APPROVED,Assisted,1980,5,ITC Films,0,36000000,RAISE THE TITANIC_1980,"AFTER SEVERAL CHANGES AND REVISIONS, THE DEPARTMENT OF THE NAVY SUPPORTED THE FILM. THE DEPARTMENT FELT THE FILM WAS TO BE ADVANTAGEOUS TO NAVY AND DEPARTMENT RECRUITMENT AND RETENTION. ADMIRAL RODNEY HAD GRAVE CONCERNS ABOUT PORTRAYAL OF CONFRONTATION WITH THE SOVIET UNION AND WITH ENDING WHICH SUGGESTED THE GOVERNMENT LIED AND WAS IWO-FACED. ADMIRAL THOUGHT FILMMAKERS WOULD USE HIS ENDING AND WAS VERY ANGRY WHEN THEY DID NOT. STILL FILM SHOWS MILITARY POSITIVELY.",Y
SOUTHERN COMFORT,,APPROVED,Assisted,1981,7.2,Cinema Group Ventures,0,0,SOUTHERN COMFORT_1981,"AFTER SOME HESITATION, THE LOUISIANA NATIONAL GUARD PROVIDED MEN AND A HELICOPTER FOR FILMING A NON-VIETNAM, VIETNAM STORY ABOUT A NATIONAL GUARD UNIT THAT GOES INTO THE BAYOUS FOR WEEKEND TRAINING AND ENCOUNTER CAJUN NATIVES. WHEN THE UNIT STEALS SOME CANOES, THE NATIVES START PICKING OFF THE NATIONAL GUARDSMEN. THE FILMMAKERS ACKNOWLEDGED THAT THE MOVIE WAS A PARABLE FOR VIETNAM",
TAPS,FATHER SKY,APPROVED,Assisted,1981,6.8,Major Studio Partners,35856053,14000000,TAPS_1981,"APPROVED ASSISTANCE AFTER RESOLVING SEVERAL INACCURACIES IN THE FILM, AND AN EARLIER TURN DOWN BY THE DOD. REVISED SCRIPT ENDED UP WITH A FILM THAT WAS SUPPORTED BY THE DEPARTMENT AND THE NGB. POSITIVE IMPRESSION FOR THE NGB. PROVIDED GOOD IMPRESSION FOR THE MOVIEGOERS.",
INCHON,,APPROVED,Assisted,1981,2.7,One Way Productions,5200986,46000000,INCHON_1981,"ARMY, NAVY, AND MARINES APPROVED PROJECT. MUCH ASSISTANCE PROVIDED. MAY 4 WAS PREMIERE AT THE KENNEDY CENTER. REVIEWED ON MAY 6.",
"DON'T CRY, IT'S ONLY THUNDER",,LIMITED,Assisted,1982,,,,,"DON'T CRY, IT'S ONLY THUNDER_1982","BASED ON A TRUE STORY OF SOLDIER IN VIETNAM WHO FOUND WAYS TO GIVE AID TO A CATHOLIC ORPHANAGE IN SAIGON — REPLACED HIS BEST FRIEND WHO WAS KILLED BY A VIETCONG WOMAN WHO DROPPED A GRENADE INTO A HELICOPTER. ARMY PROVIDED LIMITED ASSISTANCE IN THE PHILIPPINES IN THE FORM OF HELICOPTER, MEN AND EQUIPMENT MADE FOR THEATRICAL RELEASE, BUT MAY NOT HAVE MADE IT THAT FAR. HAS APPEARED ON CABLE TV",
FIRST BLOOD,,DENIED,Not assisted,1982,7.7,Anabasis N.V.,125212904,15000000,FIRST BLOOD_1982,DECLINED TO ASSIST BECAUSE MILITARY PORTRAYALS WERE TOTALLY NEGATIVE AND INACCURATE.,Y
TURKEY SHOOT,,APPROVED,Assisted,1982,,,,,TURKEY SHOOT_1982,SCRIPT WAS APPROVED BY THE DEPARTMENT AS WELL AS THE NAVY AFTER BEING REVIEWED AND FINDING EVERYTHING QUITE FACTUAL. NO RECORD OF FILM EVER BEING MADE,
MEGAFORCE,,OTHER,Not assisted,1982,3.7,Golden Harvest Company,5675599,20000000,MEGAFORCE_1982,"DONALD BARUCH APPROVAL. THE USE OF AIR FORCE'S C-130 AIRCRAFT ALONG WITH PERSONNEL WAS APPROVED, SINCE THE FILM POSED NO THREAT TO THE DEPARTMENT.",
FIREFOX,,APPROVED,Assisted,1982,6,Major Studio Partners,46708276,18000000,FIREFOX_1982,FIRST CONTACT WITH THE AIR FORCE,
AN OFFICER AND A GENTLEMAN,,DENIED,Not assisted,1982,7,Lorimar Film Entertainment,129795554,7500000,AN OFFICER AND A GENTLEMAN_1982,"THE NAVY DECLINED BECAUSE OF DAMAGING PORTRAYAL OF NAVY SINGLE PARENT LIFESTYLE, NEGATIVE PORTRAYAL OF WOMEN LIVING AROUND AIR STATION, AND A FIGHT BETWEEN OFFICER CANDIDATE AND DRILL INSTRUCTOR. FILMMAKERS WOULDN'T CHANGE THESE SCENES, SO ASSISTANCE BECAME IMPOSSIBLE. MARINES OFFERED TO COOPERATE, BUT PRODUCER DID NOT HAVE TIME. STILL, MARIN ES PROVIDED A DI. AS TECHNICAL ADVISOR AND OFF-DUTY MARINES AS EXTRAS",Y
BLUE THUNDER,,DENIED,Not assisted,1983,6.4,Columbia Pictures,42313354,22000000,BLUE THUNDER_1983,ARMY REFUSED COOPERATION ON SHORT SCENE SET IN VIETNAM. SHOWS A VIET CONG BEING THROWN OUT OF A HELICOPTER.,
TWISTER'S REVENGE,,APPROVED,Assisted,,,,,,TWISTER'S REVENGE_,DOD AND NATIONAL GUARD DECIDED TO SUPPORT THE FILM SO THAT IT MAY HELP THE LOCAL ECONOMY. IT ALSO MEANT TEMPORARY EMPLOYMENT FOR 3 OR 4 NATIONAL GUARD PERSONNEL. NO RECORD OF FILM BEING MADE.,
NEVER SAY NEVER AGAIN,,DENIED,Not assisted,1983,6.2,TaliaFilm II Productions,55432841,36000000,NEVER SAY NEVER AGAIN_1983,"DENIED REQUEST FOR STOCK FOOTAGE AND UNDERSEA SHOT OF NUCLEAR SUBMARINE (TO BE SHOT BY PRODUCTION COMPANY). SCRIPT DEPICT ED DRUG ADDICTED USAF OFFICER, OTHER NEGATIVE MILITARY/DOD PORTRAYALS (ALSO NEGATIVE UK PORTRAYALS).",Y
OPERATION: NATIONAL GUARD,,DENIED,Not assisted,,,,,,OPERATION: NATIONAL GUARD_,"NOT TO THE BEST INTEREST OF THE DEPARTMENT, NOR THE NGB. REQUEST FOR INSTALLATIONS, EQUIP., AND PERSONNEL DENIED. TOO STEREOTYPICAL AND INACCURATE. NO RECORD FILM WITH THIS TITLE WAS EVER MADE.",
TROJAN HORSE,,DENIED,Not assisted,,,,,,TROJAN HORSE_,THE FILM WAS DENIED BECAUSE IT DEPICTED THE PEACETIME ACTS OF WAR. IT ALSO PORTRAYED THE MURDER BY US MILITARY PERSONNEL OF A SIZEABLE NUMBER OF CZECH OFFICIALS AND MILITARY PERSONNEL. NO RECORD OF FILM BEING MADE,
"LAST PLANE OUT, THE",,APPROVED,Assisted,1983,,,,,"LAST PLANE OUT, THE_1983",THE REQUEST FOR ASSISTANCE IN THE FILM WAS GRANTED AND THE USE OF SOME AIRCRAFT AS WELL SMALL SCALE PRODUCTION,
STRANGE INVADERS,,DENIED,Not assisted,1983,5.5,EMI Films,1362303,0,STRANGE INVADERS_1983,ASSISTANCE WAS DENIED BY THE DEPARTMENT AFTER BEING REVIEWED BY THE UNITED STATES AIR FORCE. A LOT OF FALSE AND INAPPROPRIATE INFORMATION ABOUT THE AIR FORCE WAS CONTAINED IN THE FILM.,
PASS THE AMMUNITION,,DENIED,Not assisted,,,,,,PASS THE AMMUNITION_,"TOO UNREALISTIC, CAUSES MISINTERPRETATION OF THE DUTIES OF THE GUARD AND ITS RELATIONSHIP AND THE TOWN; TOO VULGAR. REQUEST DENIED. NO RECORD OF FILM BEING MADE",
WAR GAMES,THE GENIUS,DENIED,Not assisted,1983,,,,,WAR GAMES_1983,THE THEME OF THE FILM GOES AGAINST EVERYTHING DOD EVER SAID ON THE SUBJECT OF ACCIDENTAL NUCLEAR WARFARE. PLOT ABSURD AND IMPLAUSIBLE. THE AIR FORCE FELT THAT THE BASIC CONCEPT OF THE FILM WAS UNACCEPTABLE. NO FORMAL REQUEST FOR ASSISTANCE EVER MADE AND JOHN HORTON ASKED DON BARUCH NOT TO PUT FORMAL TURN DOWN IN WRITING IN LETTER OF 22-JUNE-1981.,
THE RIGHT STUFF,,APPROVED,Assisted,1983,7.8,The Ladd Company,21192315,27000000,THE RIGHT STUFF_1983,"AFTER SO MUCH CONTROVERSY, ALL THE SERVICES, AND THE NAACP ALSO APPROVED OF THE FILM. DURING THE COURSE OF APPROVAL, THERE WAS SOME CONTROVERSY ON RACISM. IN THE BEST INTEREST OF THE DEPARTMENT TO PROVIDE THE LIMITED MILITARY ASSISTANCE",
RENAISSANCE MAN,,APPROVED,Assisted,1984,,,,,RENAISSANCE MAN_1984,"REQUESTED EXTENSIVE USE OF MILITARY INSTALLATION, ASSETS, EXTRAS FOR THIS PENNY MARSHALL-DIRECTED FEATURE STARRING DANNY DEVITO. AFTER SUCCESSFUL SCRIPT NEGOTIATIONS, ACHIEVED OUTSTANDING REWRITE AND APPROVED FULL MILITARY ASSISTANCE.",
PURPLE HEARTS,,LIMITED,Assisted,1984,5.8,The Ladd Company,2075282,0,PURPLE HEARTS_1984,"DOD DECLINED REQUEST FOR FILMING ON A NAVY HOSPITAL SHIP. APPEARS THAT TIME PRECLUDED OPPORTUNITY FOR MAKING SCRIPT CHANGES. HOWEVER, THE MARINES DECIDED TO SEND MAJ PAT COULTER AND HIS NEW RELIEF, MAJ FRED PACK, TO THE PHILIPPINES AT PRODUCTION COMPANY EXPENSE, TO SERVE AS TECHNICAL ADVISORS, DESPITE A DOD RULING NOT TO PROVIDE TECHNICAL ADVISORS. ONE OF THE VERY FEW POSITIVE VIETNAM MOVIES EVER MADE TO DATE, THOUGH NO EXPLANATION WHY A NAVY DOCTOR WOULD ACCOMPANY MARINES INTO COMBAT. NO FILE",y
RECOVERY,,DENIED,Not assisted,,,,,,RECOVERY_,"DENIED BECAUSE OF VIOLENCE, STRONG LANGUAGE, AND DOD DID NOT WANT TO COOPERATE ON ANY STORY DEALING WITH THE USMLM AS THE PRIMARY PLOT. REQUEST FOR INSTALLATIONS DENIED. NO RECORD OF FILM BEING MADE. NO FILE",
RETURN TO IWO JIMA,,APPROVED,Assisted,1984,,,,,RETURN TO IWO JIMA_1984,IN THE BEST INTEREST OF THE SERVICES. THE DOCUMENTARY WAS FACTUAL AND VERY POSITIVE FOR THE ARMED FORCES. REQUESTS WERE APPROVED.,
HOLD 'EM NAVY,TEN SOLDIERS,APPROVED,Assisted,1984,,,,,HOLD 'EM NAVY_1984,APPROVED USE OF INSTALLATIONS AND EQUIPMENT. DOD FELT IT WOULD HAVE A POSITIVE IMPACT AND BENEFIT TO THE MILITARY SERVICES AND IN THE NATIONAL INTEREST. AIR FORCE ORIGINALLY REFUSED TO PROVIDE ASSISTANCE DUE TO LANGUAGE OF A PILOT. ULTIMATELY JOHN MILIUS DECIDED IT COST TOO MUCH TO USE MILITARY ASSISTANCE.,
"SOLDIER'S STORY, A",,APPROVED,Assisted,1984,,,,,"SOLDIER'S STORY, A_1984",DOD FELT THIS FILM MIGHT GIVE THE AUDIENCE BACKGROUND AND INSIGHT ON THE BEGINNING OF INTEGRATION IN THE ARMED FORCES. REQUEST FOR FILMING ON FORT CHAFFEE PROVED TO BE BENEFICIAL TO DOD.,
TANK,,APPROVED,Assisted,1984,5.8,Lorimar Film Entertainment,11302884,0,TANK_1984,"AFTER CONSIDERABLE DISCUSSIONS AND CHANGES IN SCRIPT, DOD FELT THE END RESULT WOULD BE BENEFICIAL FOR THE ARMY AND THE PRODUCTION.",
"BEAR, THE",,APPROVED,Assisted,1984,,,,,"BEAR, THE_1984","ASSISTANCE WAS GIVEN EXCEPT FOR THE WWII VEHICLES OR AIRCRAFT FOR THE PRODUCTION. THIS IS A BIOGRAPHY OF BEAR BRYANT, THE ALABAMA FOOTBALL LEGEND. FILM BY THIS TITLE RELEASED IN 1984",
BIRDY,,DENIED,Not assisted,1984,7.3,A&M Films,1455045,12000000,BIRDY_1984,"NO RECORD ON FILE AS TO WHETHER DOD APPROVED IT OR NOT. ASSISTANCE WAS SUPPOSEDLY BE GIVEN ON MAY 2, 1984, BUT NO FEEDBACK WAS EVER GIVEN. CONTAINS STRONG ANTI-WAR MESSAGE DATE APPROXIMATED, NO FILE.",
KILLING FIELDS,,APPROVED,Assisted,1984,,,,,KILLING FIELDS_1984,"DOD AND THE USMC AGREED TO MAKE MARINE CORPS HELICOPTERS AVAILABLE PROVIDING IT BE AT NO ADDITIONAL COST TO THE GOVERNMENT. ONE OF THE FEW EARLY MOVIES ABOUT WAR IN SE. ASIA TO RECEIVE DOD COOPERATION",Y
STARMAN,,DENIED,Not assisted,1984,7,Columbia Pictures,28744356,22000000,STARMAN_1984,"THERE WAS NOTHING OF POSITIVE NATURE FOR SERVICES, ESPECIALLY THE AIR FORCE. APPROVAL WAS DENIED. AS OFTEN THE CASE WITH SCI-FI PICTURES, THE MILITARY BECAME THE VILLAIN TRYING TO CAPTURE THE NICE ALIEN AND DISSECT HIM OR SOMETHING LIKE THAT.",Y
MOSCOW ON THE HUDSON,,OTHER,Not assisted,1984,6.5,Bavaria Film,25068724,13000000,MOSCOW ON THE HUDSON_1984,THE FILM HAD NO MILITARY SIGNIFICANCE BUT THE DOD HAD NO OBJECTIONS TO OFF DUTY MILITARY PERSONNEL PARTICIPATING AS EXTRAS. STRICTLY VOLUNTARY,
OPERATION DUMBO DROP,,OTHER,Not assisted,1985,,,,,OPERATION DUMBO DROP_1985,"DOD WORKED INFORMALLY WITH STUDIO FOR MONTHS, DISCUSSING NEGATIVE, INACCURATE ASPECTS OF SCRIPT. THE WHOLE TIME, IT WAS UNCERTAIN WHETHER OR NOT STUDIO WOULD FILM IN THE US. (AND THEREFORE NEED US. MILITARY ASSISTANCE) OR OVERSEAS (AND NOT NEED US MILITARY ASSISTANCE). THE STUDIO DECIDED TO FILM IN THAILAND FOR PURELY FINANCIAL REASONS. DOD LOST ITS OPPORTUNITY TO INFLUENCE THE SCRIPT (AND RESOLVE ARMY — AIR FORCE CONFRONTATION SCENES). NO OFFICIAL DECLINE WAS EVER PUT IN WRITING, BECAUSE DISNEY NEVER FORMALLY REQUESTED ASSISTANCE. NO FILE.",
SUMMER RENTAL,,DENIED,Not assisted,1985,6.3,Paramount Pictures,24689703,0,SUMMER RENTAL_1985,DENIED: NOT IN THE BEST INTEREST OF THE DEPARTMENT.,Y (JOHN CANDY FIRST LEADING MOVIE)
"PHILADELPHIA EXPERIMENT, THE",,DENIED,Not assisted,1985,,,,,"PHILADELPHIA EXPERIMENT, THE_1985","THE DEPARTMENT FELT THAT A MOVIE OF THIS NATURE WOULD PERPETUATE THE MYTH OF THE PHILADELPHIA, AND THE ROLE OF THE NAVY IN IT. MYTHICAL AND BASED ON A FABRICATED STORY. THE NAVY'S PROBLEM IN ASSISTING WAS THE SAME ONE THE AIR FORCE FACED IN DEALING WITH ""CLOSE ENCOUNTERS."" HOW COULD AIR FORCE ASSIST ON A FLYING SAUCER MOVIE WHEN IT HAS ALWAYS SAID UFOS DO NOT EXIST. HOW COULD THE NAVY HELP PORTRAY AN INCIDENT WHICH IT SAID NEVER HAPPENED. FILMMAKERS USED THE YORKTOWN IN CHARLESTON.",
"THE ULTIMATE SOLUTION OF GRACE QUIGLEY, GRACE QUIGLEY",,LIMITED,Assisted,1985,,,,,"THE ULTIMATE SOLUTION OF GRACE QUIGLEY, GRACE QUIGLEY_1985",THE NAVY AGREED TO GIVE ASSISTANCE BY LENDING SEVERAL DECORATIONS FOR THE FILM.,
DAY OF THE DEAD,,LIMITED,Assisted,1985,7.1,United Film Distribution Company (UFDC),5000000,3500000,DAY OF THE DEAD_1985,APPROVED USE OF ARMY LAUNCH SITE NO LONGER IN ACTIVE USE — USED DOD DIRECTIVE REGARDING REAL ESTATE. ,
BREWSTER'S MILLIONS,,DENIED,Not assisted,1985,6.5,Universal Pictures,45833132,20000000,BREWSTER'S MILLIONS_1985,DENIED BY THE DEPARTMENT. THEY FELT THERE WAS TOO MANY HELICOPTERS COMMERCIALLY AVAILABLE IN THE NEW YORK AREA.,
DARYL,,DENIED,Not assisted,1985,,,,,DARYL_1985,FILM CONTAINS NOTHING POSITIVE FOR THE AIR FORCE OR DOD IN AUTHORIZING USE OF STOCK FOOTAGE FOR THE PROJECT. DATE OF 3-DEC-1984 IN DATABASE. THERE IS A 1985 FILM TITLED D.A.R.Y. L. THAT MIGHT BE SAME PROJECT--FILM ABOUT A ROBOT,
COCOON,THE JOURNEY BACK,DENIED,Not assisted,1985,6.7,Twentieth Century Fox,85313124,17500000,COCOON_1985,"AIR FORCE ASSISTANCE WAS DENIED SINCE THE FILM PORTRAYED THE AIR FORCE UNREALISTICALLY, THE IMAGE OF THE AIR FORCE WAS PORTRAYED UNPROFESSIONALLY, AND THIRDLY, THE BASIC STORYLINE IS CONTRARY TO AIR FORCE POLICY ON UFO'S--THE AIR FORCE HAS ALWAYS REFUSED TO PROVIDE ASSISTANCE TO STORIES THAT SHOW UFOS AS REAL INCLUDING ""CLOSE ENCOUNTERS OF THE THIRD KIND"" AND ""STAR MAN.""",Y
INVASION USA,INVASION [ORIGINAL TITLE),APPROVED,Assisted,1986,,,,,INVASION USA_1986,"APPROVED WITH NO ADDITIONAL COST TO THE GOVERNMENT BENEFICIAL TO THE NATIONAL GUARD, AS WELL AS TO THE ENTIRE DEPARTMENT. FILM, BUT SHOWS ARMY DOING ITS JOB. DOCUMENTS IN GEORGETOWN UNIVERSITY COLLECTION.",
PLATOON,,DENIED,Not assisted,1986,8.1,Hemdale,138545632,6000000,PLATOON_1986,"DENIED COOPERATION BECAUSE OF ITS UNREALISTIC VIEWS OF THE AMERICAN SOLDIER. TOTALLY UNBALANCED. ARMY SAID SCRIPT CONTAINED ""UNREALISTIC AND HIGHLY UNFAVORABLE DEPICTION OF THE AMERICAN SOLDIER, IMPLYING THAT ALL THE EVENTS DEPICTED OCCURRED ON EVERY COMBAT PATROL."" WON OSCAR FOR BEST PICTURE AND DIRECTOR.",Y
WITHOUT GLORY,,APPROVED,Assisted,,,,,,WITHOUT GLORY_,"APPROVED BY THE DEPARTMENT SINCE IT WAS BASED PRIMARILY, BUT NOT WHOLLY, ON ACTUAL INCIDENTS. REQUEST FOR STOCK FOOTAGE WAS APPROVED. NO RECORD OF FILM BEING MADE.",
INVADERS FROM MARS,,APPROVED,Assisted,1986,5.6,Cannon Pictures,4884663,12000000,INVADERS FROM MARS_1986,"THE FILM WAS APPROVED BY THE DEPARTMENT AND THE SERVICES. IT PRESENTED A POSITIVE IMAGE TO A LARGE SECTION OF THE RECRUITING-AGE MARKET. THE THESIS OF COOPERATING WITH SCI-FI INVASIONS IS THAT THE SERVICE, IN THIS CASE THE MARINES, WOULD OPPOSE THE ADVANCED SOCIETY. THIS IS THE REMAKE OF THE 1950'S CLASSIC. THE MARINES PROVIDED FULL COOPERATION, SINCE FILM SHOWED CORPS DOING ITS JOB. DOCUMENTS IN SUID COLLECTION, GEORGETOWN UNIVERSITY LIBRARY.",Y
"BEST RANGER, THE",,DENIED,Not assisted,,,,,,"BEST RANGER, THE_",DENIED BECAUSE THE US. MILITARY BECOMES INVOLVED IN A FICTIONAL MILITARY ATTEMPT ON PRESIDENT AQUINO'S LIFE AND A TAKE-OVER OF THE GOVERNMENT OF THE REPUBLIC OF THE PHILIPPINES. NO RECORD OF FILM BEING MADE,
KARATE KID II,,APPROVED,Assisted,1986,,,,,KARATE KID II_1986,"APPROVAL WAS GRANTED FOR THE USE OF EQUIPMENT SUCH AS A HUEY, TRUCKS, JEEPS, ETC. PROVIDING THE PRODUCTION FOLLOW DOD'S CONDITIONS SUCH AS: NO INTERFERENCE, NO EXPENSE, NO VIOLATIONS, ETC.",
STAR TREK IV,,APPROVED,Assisted,1986,,,,,STAR TREK IV_1986,APPROVED US OF NAVY'S USS. RANGER. IN THE BEST INTEREST OF THE DEPARTMENT. NAVY HAD SOME CONCERN ABOUT ENTERPRISE CREW MEMBERS GETTING INTO SECURE LOCATIONS UNTIL REMINDED THAT A TRANSPORTER WOULD DELIVER CREW AND SO NOT BE A SECURITY VIOLATION,Y
TOP GUN,,APPROVED,Assisted,1986,6.9,Paramount Pictures,357288178,15000000,TOP GUN_1986,"DOD AND THE NAVY APPROVED ASSISTANCE ON THE FILM SINCE IT CLEARLY PORTRAYED THE NAVY IN A VERY POSITIVE LIGHT. FIRST CONTACT WAS MEETING BETWEEN PRODUCERS AND NAVY PUBLIC AFFAIRS FIRST WEEK IN JUNE, 1933. FIRST SCRIPT DELIVERED TO DOD 15-NOV-1983. FILM COMPLETED REHABILITATION OF THE MILITARY'S IMAGE, WHICH HAD BEEN SAVAGED BY THE VIETNAM WAR.",
HEARTBREAK RIDGE,,APPROVED,Assisted,1986,6.9,Jay Weston Productions,42724017,15000000,HEARTBREAK RIDGE_1986,"PROJECT ORIGINALLY AN ARMY FILM. BUT SERVICE UNHAPPY WITH SCRIPT AND PARTICULARLY LANGUAGE. MARINES AGREED TO COOPERATE IF CHANGES MADE. COMPANY AGREED. BUT NOT CLEAR WHAT CHANGES MARINES REQUESTED. MARINE TECHNICAL ADVISOR MAY HAVE GIVEN FILMMAKERS WIDE LATITUDE. WHEN SCREENED IN PENTAGON, BOTH DOD AND MARINES REQUESTED SCREEN CREDIT BE REMOVED BECAUSE OF DISSATISFACTION WITH PICTURE. FOR EXAMPLE, ACTOR CLINT EASTWOOD'S MARINE CHARACTER SHOOTS A DYING CUBAN SOLDIER AND TAKES CIGAR FROM HIS POCKET.",
"GOOD MORNING, VIETNAM",,DENIED,Not assisted,1987,7.3,Touchstone Pictures,123922370,13000000,"GOOD MORNING, VIETNAM_1987","THIS IS THE FIRST COMEDY SET IN VIETNAM. FOCUS ON ARMED FORCES VIETNAM NETWORK DJ PLAYED BY ROBIN WILLIAMS. BASED ON ACTUAL AIR FORCE DJ, BUT WILDLY EXAGGERATED FOR DRAMATIC EFFECT. COMPLETELY UNREALISTIC.",Y
NO WAY OUT,,OTHER,Not assisted,1987,7.1,Orion Pictures,35509515,15000000,NO WAY OUT_1987,"PRODUCER SAYS COMPANY ONLY FILMED IN NONSECURE, PUBLIC (AT THE TIME) COMMERCIAL SHOPPING AREA. HOWEVER, IT IS CLEAR THAT CAMERA CREW AND ACTOR KEVIN COSTNER DID FILM ON THE A RING (FLAG CORRIDOR). THE SCENES FILMED ELSEWHERE, PRINCIPALLY AT THE DEPARTMENT OF INTERIOR BUILDING, WERE SKILLFULLY DONE TO IMITATE THE PENTAGON. BUT THE FLAG CORRIDOR IS UNMISTAKABLY THE PENTAGON. PLOT OF THE FILM OBVIATES ANY DOD SUPPORT.",Y
DISTANT THUNDER,,DENIED,Not assisted,,,,,,DISTANT THUNDER_,"FILM WAS DENIED BECAUSE SCENES OF THE FILM WERE OBJECTIONABLE. TOO FICTIONAL. ABOUT A VIETNAM VETERAN WHO LIVES ALONE IN THE WILDERNESS. AS OF JAN 2000, THE FILM HAS YET TO BE PRODUCED.",
FULL METAL JACKET,,OTHER,Not assisted,1987,8.3,Natant,46357676,30000000,FULL METAL JACKET_1987,STANLEY KUBRICK MADE HIS VIETNAM FILM IN ENGLAND WITHOUT ANY CONTACT WITH DOD OR THE MARINES. RETIRED MARINE DRILL INSTRUCTOR LEE ERMEY SERVED AS TECHNICAL ADVISOR.,Y
HERO,,OTHER,Not assisted,,,,,,HERO_,"AFTER REVIEWING THE SCRIPT, DOD DETERMINED NOT TO SUPPORT THE FILM, BECAUSE THERE WAS NO BENEFIT TO THE AIR FORCE. NO INDICATION THAT THE FILM WAS EVER PRODUCED.",Y
PROJECT X,,DENIED,Not assisted,1987,6.1,Amercent Films,21589395,18000000,PROJECT X_1987,"NOT BENEFICIAL TO THE US AIR FORCE. REQUEST FOR USE OF HURLBURT FIELD AND PATRICK AFB, FLORIDA ALONG WITH EQUIPMENT WAS DENIED.",Y
AMAZING GRACE AND CHUCK,,DENIED,Not assisted,1987,,,,,AMAZING GRACE AND CHUCK_1987,"STORY DOES NOT ACCURATELY PORTRAY US EFFORTS TO MAINTAIN NUCLEAR DETERRENCE, TO SEEK ARMS REDUCTIONS, AND TO KEEP THE PEACE. ASSISTANCE DENIED. NO FILE",
HANOI HILTON,,APPROVED,Assisted,1987,,,,,HANOI HILTON_1987,"AN USUALLY FINE SCRIPT ACCORDINGING TO DOD AT THE TIME. BENEFITTED THE MILITARY BY PRESENTING VERY REALISTIC DEPICTION OF EVENTS, ALTHOUGH THE STORY ITSELF IS FICTIONAL POSITIVE PORTRAYAL OF POWS SHOWING TORTURE, FORTITUDE, AND CONDEMNATION OF A JANE FONDA TYPE (REPLICATING ONE OF HER VISITS TO HANOI). SCREENING IN MARCH, 1987 AT PENTAGON.",Y
ROBOCOP,,DENIED,Not assisted,1987,7.5,Orion Pictures,53424681,13000000,ROBOCOP_1987,DOD FOUND NOTHING IN THE FILM BENEFICIAL TO THE DEPARTMENT. THEY FOUND THE FILM TO BE VIOLENT AND BLOODY. THE REQUEST FOR STOCK FOOTAGE WAS DENIED.,
RUSSKIES,,APPROVED,Assisted,1987,5.6,New Century Entertainment Corporation,2189047,0,RUSSKIES_1987,"PERMISSION FOR FLORIDA NATIONAL GUARD EQUIPMENT, INSTALLATION, AND  PERSONNEL GRANTED. ALTHOUGH IT HAD NOTHING TO DO WITH THE GUARD, DOD FELT IT WOULD BE GOOD COMMUNITY RELATIONS FOR THE GUARD. NO RECORD OF FILM BEING MADE.",Y
GARDENS OF STONE,,OTHER,Not assisted,1987,6.4,TriStar Pictures,5262047,0,GARDENS OF STONE_1987,"THE REQUEST FOR INSTALLATION, PERSONNEL, EQUIPMENT, AND ANIMALS WAS APPROVED. THE REQUEST FILM PERFECT EXAMPLE OF DOD DENYING HELP TO A FILMMAKER ON ONE PROJECT (APOCALYPSE NOW) AND THEN GIVING FULL COOPERATION TO ANOTHER. SOME FEEL THAT THE FILM CONTAINS A POWERFUL ANTI-WAR AND ANTI-VIETNAM WAR MESSAGE, ONE OF THE STRONGEST, IF NOT STRONGEST IN ANY FILM WHICH RECEIVED DOD ASSISTANCE.",Y
HAMBURGER HILL,,APPROVED,Assisted,1987,6.7,RKO Pictures,13839404,0,HAMBURGER HILL_1987,"ARMY FOUND THE FILM TO BE HISTORICALLY ACCURATE AND MOVING. PRESENTED A MORE REALISTIC VIEW OF THE STRUGGLES OF COMBAT SOLDIERS IN VIETNAM, AS OPPOSED TO OTHER VIETNAM FILMS. ONE OF VERY FEW COMBAT FILMS SET IN VIETNAM TO RECEIVE FULL COOPERATION IN THIS PERIOD.",
THE LIVING DAYLIGHTS,,DENIED,Not assisted,1987,6.7,Eon Productions,51186259,40000000,THE LIVING DAYLIGHTS_1987,"THE REQUEST FOR DOD ASSISTANCE AND APPROVAL WAS CANCELLED. THE PRODUCTION COMPANY INITIALLY REQUESTED THE USE OF A NAVY CARRIER.",
TWISTER,,APPROVED,Assisted,,,,,,TWISTER_,THE NGB BUREAU AND THE DEPARTMENT APPROVED THE USE OF STOCK FOOTAGE FOR THE FILM. FILM BARELY RELEASED — NOT THE HIGHLY SUCCESSFUL 1996 FILM ABOUT TORNADO CHASERS,
EMPIRE OF THE SUN,,LIMITED,Assisted,1987,7.7,Amblin Entertainment,22238696,35000000,EMPIRE OF THE SUN_1987,THE NAVY AND DOD APPROVED FOR PERSONNEL TO BE USED AS EXTRAS VOLUNTARILY. THERE WAS ALSO A HOLD HARMLESS AGREEMENT INDUSTRY INSURANCE WAS CARRIED. THE REQUEST FOR A NAVY AIRCRAFT WAS DROPPED.,
"TRUEST SPORT, THE",,APPROVED,Assisted,,,,,,"TRUEST SPORT, THE_",APPROVED BY ALL SERVICES. ALL EQUIPMENT AND ASSISTANCE WAS APPROVED. VERY POSITIVE PICTURE ABOUT THE VIETNAM WAR. NO RECORD OF FILM BEING MADE,
BILOXI BLUES,,APPROVED,Assisted,1988,6.6,Rastar Pictures,51684798,20000000,BILOXI BLUES_1988,REQUEST FOR USE OF FORT CHAFFEE FOR FILMING WAS GRANTED. AFTER ACTION REPORT IN FILE AT GEORGETOWN UNIVERSITY LIBRARY.,
RETREADS,,DENIED,Not assisted,1988,,,,,RETREADS_1988,DISAPPROVED BY BOTH THE AIR FORCE AND THE DEPARTMENT OF DEFENSE. THE REQUEST FOR VEHICLES WAS OF COURSE DENIED. NO RECORD OF FILM BEING MADE,
FLIGHT DECK,,APPROVED,Assisted,1988,,,,,FLIGHT DECK_1988,"APPROVED, BUT CAN'T TELL IF EVER ACTUALLY PRODUCED",
"VON METZ INCIDENT, THE",,DENIED,Not assisted,,,,,,"VON METZ INCIDENT, THE_","NAVY DENIED THE FILM FINDING IT NO BENEFIT TO THE US NAVY. REQUEST TO FILM AT NAVAL INSTALLATION, WAS TURNED DOWN. NO RECORD OF FILM BEING MADE",
HEALTH CLUB,,APPROVED,Assisted,,,,,,HEALTH CLUB_,"THF SCRIPT WAS DIRECTED TO THE NATIONAL GUARD BURT-All FOR APPROVAL AND IN TURN, APPROVED. NO RECORD OF MOVIE BEING MADE",
ERNEST SAVES CHRISTMAS,,APPROVED,Assisted,1988,5.6,Touchstone Pictures,28202109,6000000,ERNEST SAVES CHRISTMAS_1988,"APPROVED THE REQUEST FOR AIR FORCE STOCK FOOTAGE OF PLANES, UNIFORMS, AND PERSONNEL, SINCE THE FILM PORTRAYED THE FORCE IN A POSITIVE MANNER.",
PASSAGES,,DENIED,Not assisted,,,,,,PASSAGES_,NOT IN THE BEST INTEREST OF THE GOVERNMENT. UNFAVORABLE REFLECTION ON THE US. MILITARY. UNSUPPORTED INFORMATION. VERY NEGATIVE FOR THE AIR FORCE. FILM DISAPPROVED. NO RECORD OF FILM BEING MADE.,
BAT 21,,APPROVED,Assisted,1988,,,,,BAT 21_1988,"INITIAL SCRIPT RECEIVED AIR FORCE APPROVAL S-MAR-B4. AIR FORCE FELT SCRIPT WAS AN EXCELLENT PORTRAYAL OF A TRUE INCIDENT THAT OCCURRED IN VIETNAM. HOWEVER, THE PROJECT WENT INTO LIMBO UNTIL 1987, THE THE AIR FORCE APPROVED A NEW SCRIPT, ONCE SOME CHANGES WERE MADE. ASSISTANCE WAS PROVIDED IN THE PHILIPPINES, BUT TWO OBJECTIONABLE SCENES REMAINED IN THE FILM, INCLUDING THE DESTRUCTION OF A VIETNAMESE VILLAGE. ACCORDINGLY, DOD DECLINED SCREEN CREDIT.",Y
WAR PARTY,,OTHER,Not assisted,1988,,,,,WAR PARTY_1988,"THE COMPANY WENT ON THEIR OWN AND WITHDREW REQUEST FOR DOD ASSISTANCE. CALVARY AND INDIAN FILM WITH NO BASIS FOR ASSISTANCE",
PANCHO U.S. MARINE,,APPROVED,Assisted,,,,,,PANCHO U.S. MARINE_,"NAVY PROVIDED FULL COOPERATION FOR FILM BASED ON JAMES MICHENER'S ARTICLE ABOUT A CARRIER DURING THE KOREAN WAR. SHOWED THE REAL PILOTS (PORTRAYED BY ACTORS, OF COURSE) FLYING THE MISSIONS THE WRITER HAD DESCRIBED. SOME DRAMATIC LICENSE-ONE PILOT DID GUIDE A BLINDED PILOT TO A SAFE LANDING, BUT ON AN AIRFIELD, NOT A CARRIER",
JUDGEMENT IN BERLIN,,APPROVED,Assisted,1988,,,,,JUDGEMENT IN BERLIN_1988,"THE PRODUCTION RECEIVED ASSISTANCE IN FILMING FROM THE DOD AND THE AIR FORCE. THE FILMING WAS DONE AT TEMPELHOF AIRPORT (AIR FORCE INSTALLATION AT THE TIME].",
PRESIDIO,,APPROVED,Assisted,1988,,,,,PRESIDIO_1988,"THE ARMY AND THE DEPARTMENT APPROVED ASSISTING THE FILM ON THE BASIS OF NO INTERFERENCE WITH THE MILITARY, NO ADDITIONAL EXPENSE TO THE GOVERNMENT. VIETNAM RELATED MOVIE THAT USED PRESIDIO AS A BACKGROUND TO A MURDER MYSTERY. PRODUCERS OBVIOUSLY NEEDED USE OF THE PRESIDIO AND WERE WILLING TO REWRITE SCRIPT AFTER LONG NEGOTIATIONS.",
CASUALTIES OF WAR,,OTHER,Not assisted,1989,7.1,Art Linson Productions,18671317,22500000,CASUALTIES OF WAR_1989,"COMBAT FILM WHICH CAPTURES A POPULAR VIEW OF THE NATURE OF THE AMERICAN EXPERIENCE IN VIETNAM. SQUAD SENT ON RECON MISSION KIDNAPS VIETNAMESE GIRL, RAPE FER, AND ULTIMATELY KILL HER. BASED ON TRUE STORY WHICH APPEARED FIRST IN THE NEW YORKER AND THEN IN BOOK FORM. THE ONE SOLDIER WHO DID NOT TAKE PART IN SEXUAL ABUSE REPORTED WHAT HAPPENED AND MEN WERE COURT MARTIALED AND SENTENCED TO PRISON BUT DID NOT SERVE TIME. ""HERO"" PORTRAYED AS VILLIAN FOR REPORTING CRIME.",Y
"SHEPHERD, THE",,APPROVED,Assisted,,,,,,"SHEPHERD, THE_",DOD AND THE AIR FORCE FELT THE FILM WOULD BE POSITIVE FOR THEM BOTH. ALL REQUESTS WERE GRANTED. NO RECORD FILM WAS EVER MADE.,
JACKKNIFE,,APPROVED,Assisted,1989,,,,,JACKKNIFE_1989,"THE AIR NATIONAL GUARD, THE AIR FORCE, AND THE DOD APPROVED AND ASSISTED IN THE FILMING AT NO EXTRA COST TO THE GOVERNMENT.",
"SATELLITE KILLER, THE",,APPROVED,Assisted,,,,,,"SATELLITE KILLER, THE_",NO OBJECTIONS WERE INTERPOSED TO THE AIR FORCE. AS LONG AS THERE WERE NO ADDITIONAL. COSTS TO THE GOVERNMENT AND NO INTERFERENCE WITH TRAINING OR THE MISSION. NO RECORD OF FILM BEING MADE.,
84 CHARLIE MOPIC,,OTHER,Not assisted,1989,,,,,84 CHARLIE MOPIC_1989,VIETNAM MOVIE ABOUT MOTION PICTURE CORRESPONDENTS. ASSISTANCE NOT REQUESTED.,
EIGHTY-FOUR CHARLIE MOPIC,,OTHER,Not assisted,1989,,,,,EIGHTY-FOUR CHARLIE MOPIC_1989,FILM ABOUT ARMY COMBAT CAMERAMEN WHO GO INTO FIELD TO FILM A SPECIAL RECON MISSION. NO REQUEST FOR HELP SINCE FILMED IN SOUTHEAST ASIA.,
BORN ON THE 4TH OF JULY,,OTHER,Not assisted,1989,,,,,BORN ON THE 4TH OF JULY_1989,"WORLD WAR II DRAMA ABOUT A SMALL UNIT FORCED TO TRY TO STOP A GERMAN ATTACK. ARMY PROVIDED MEN AND EQUIPMENT TO STAGE BATTLE SCENES. FILM CONSIDERED BETTER THAN MOST OF TYPE IN PART DUE TO WRITING OF ROBERT PIROSH, WHO PREVIOUSLY WON AN OSCAR FOR ""BATTLEGROUND.""",Y
FLYING BLIND,,OTHER,Not assisted,1989,,,,,FLYING BLIND_1989,NOT IN THE BEST INTEREST OF THE DOD AND WAS DENIED. THE DEPARTMENT CHOSE NOT TO SUPPLY STOCK FOOTAGE FOR THIS PARTICULAR FILM. NO RECORD OF FILM BEING MADE,
PET SEMATARY,,APPROVED,Assisted,1989,6.6,Paramount Pictures,57470138,11500000,PET SEMATARY_1989,"THE REQUEST FOR CAMOUFLAGE NETTING WAS APPROVED AS LONG AS IT WAS NO EXTRA COST TO THE GOVERNMENT, THE PRODUCER ENTER A ""HOLD HARMLESS"" AGREEMENT WITH THE MAINE NATIONAL GUARD, ALL EQUIPMENT WILL BE RETURNED IN LIKE NEW OR BETTER CONDITION, ETC.",
LEVIATHAN,,DENIED,Not assisted,1989,5.8,Filmauro,15704614,25000000,LEVIATHAN_1989,THE FILM WAS DENIED BECAUSE THERE WAS NO BENEFIT TO THE NAVY OR TO THE GOVERNMENT.,Y
LICENSE TO KILL,LICENSE REVOKED,APPROVED,Assisted,1989,6.6,Danjaq,156167015,32000000,LICENSE TO KILL_1989,APPROVAL AND ASSISTANCE WAS GIVEN PROVIDING IT WAS AT NO ADDITIONAL COST TO THE U.S GOVERNMENT AND NO ARMY OR NATIONAL GUARD MARKINGS OR MILITARY UNIFORMS WILL BE SEEN IN THE FILM AND NO ADDITIONAL REQUESTS WILL BE DIRECTED TO DOD. MINOR ASSISTANCE.,
IN COUNTRY,,APPROVED,Assisted,1989,5.9,Warner Bros.,3531971,18000000,IN COUNTRY_1989,"AIR FORCE APPROVAL AFTER EARLIER DON BARUCH TURNDOWN, 19-JULY-1988 THE ARMY AND THE AIR FORCE CONCURRED ON PROVIDING ASSISTANCE FOR THE FILM, AFTER IT WAS UNDERSTOOD BY THE PRODUCTION THE RULES AND REGULATIONS OF THE DEPARTMENT",
IRON TRIANGLE,,LIMITED,Assisted,1989,,,,,IRON TRIANGLE_1989,"THE REQUEST FOR STOCK FOOTAGE WAS APPROVED BY THE AIR FORCE AND BY MR. D. BARUCH ON MAY 24.THE ARMY DISAPPROVED ON MAY 23, UNLESS THE EXECUTIONS WERE OMITTED",Y
WHO'S LOOKING AFTER THE BABY,,DENIED,Not assisted,,,,,,WHO'S LOOKING AFTER THE BABY_,THE FILM WAS DENIED BECAUSE IT HAD NOTHING AT ALL TO DO WITH THE SERVICES. THE ARMY DID NOT WANT TO ROUTINELY BECOME INVOLVED IN PROJECTS THAT DID NOT PERTAIN TO THE ARMY IN ANY FASHION.,
TRIPWIRE,,DENIED,Not assisted,1989,,,,,TRIPWIRE_1989,"THE ARMY, AS WELL AS THE NATIONAL GUARD BUREAU, VIEWED THE FILM AND CONCLUDED THAT IT HAD TOO LITTLE MILITARY INVOLVEMENT IT DID NOT TELL AN ARMY STORY. SUPPORT WAS DENIED WITH DOD CONCURRING. NO RECORD OF FILM BEING MADE",
ANGEL��S FLIGHT,,APPROVED,Assisted,,,,,,ANGEL��S FLIGHT_,"APPROVED BY THE DEPARTMENT AFTER BEING REVIEWED. THE DEPARTMENT FELT IT WOULD BE BENEFICIAL TO THE NAVY. NO FILE, NO RECORD FILM EVER PRODUCED.",
ROBOT JOX,,APPROVED,Assisted,,,,,,ROBOT JOX_,THE FILM WAS APPROVED AND STOCK FOOTAGE WAS FURNISHED — COMPANY CLAIMED THAT FOOTAGE IS NOT AVAILABLE THROUGH COMMERCIAL SOURCES. NO RECORD OF FILM BEING MADE.,
FAT MAN & LITTLE BOY,,DENIED,Not assisted,1989,,,,,FAT MAN & LITTLE BOY_1989,"THE FILM WAS DENIED FOR APPROVAL BECAUSE IT PROVIDED AN INACCURATE PORTRAYAL OF THE ARMY. THIS WAS A ""MESSAGE"" FILM AGAINST THE ATOMIC BOMB. COMPLETE FICTION. IT BENEFITED THE ARMY AND THE DEPARTMENT IN NO WAY WHATSOEVER",Y
BEST OF THE BEST,,DENIED,Not assisted,1989,6.4,The Movie Group,1700000,5000000,BEST OF THE BEST_1989,"THE ARMY, NGB, AND DOD CONCURRED NOT SUPPORTING THE FILM, BECAUSE IT WAS INACCURATE AND NON-BENEFICIAL TO THE SERVICES. THE USE OF ALAMITOS ARMORY WAS DENIED. FILM WAS RELEASED IN 1999, A TYPICAL KARATE MOVIE.",
THE HAUNTING OF SARAH HARDY,,APPROVED,Assisted,1989,,,,,THE HAUNTING OF SARAH HARDY_1989,"THE NATIONAL GUARD BUREAU PROVIDED A HELICOPTER TO THE PRODUCTION AFTER THERE WERE NO COMMERCIALLY AVAILABLE HELICOPTERS FOR RENT AND OREGON NATIONAL GUARD PUBLIC AFFAIRS OFFICER VERIFIED IT. NO RECORD OF MOVIE BEING MADE.",
INDIANA JONES AND THE LAST CRUSADE,,APPROVED,Assisted,1989,8.2,Paramount Pictures,474171806,48000000,INDIANA JONES AND THE LAST CRUSADE_1989,THE NAVY AND THE DEPARTMENT OFFERED LIMITED ASSISTANCE TO THE PRODUCTION. THEY APPROVED OF THE USE OF THE NAVAL STATION TREASURE ISLAND'S ADMINISTRATION BUILDING AS A 1930'5 STYLE BACKDROP.,
BROTHERS IN ARMS,,DENIED,Not assisted,1989,,,,,BROTHERS IN ARMS_1989,"THE FILM HAD TOO MANY INACCURACIES FOR THE PRODUCTION CHANGE WITHOUT COMPLETELY CHANGING IT FOR DOD APPROVAL. THE EVENTS DEPICTED WERE IMPLAUSIBLE & NOT AUTHENTIC PORTRAYALS OF MILITARY OPERATIONS BL PERSONNEL.",
HOMER AND EDDIE,,LIMITED,Assisted,1990,,,,,HOMER AND EDDIE_1990,STOCK FOOTAGE WAS APPROVED FOR AN AIR FORCE JET FLYING OVER A DESERT TERRAIN.,
SHOW OF FORCE,,LIMITED,Assisted,1990,,,,,SHOW OF FORCE_1990,THE DEPARTMENT PROVIDED COURTESY ASSISTANCE TO THE PRODUCTION. THEY PROVIDED AUTHORIZATION FOR OFF-DUTY MARINES BEING USED IN AN OPENING PARADE SEQUENCE. THEY WERE ON LEAVE STATUS AND THE SCRIPT BROUGHT NO DISCREDIT TO THE CORPS.,
WAITING FOR THE LIGHT,,LIMITED,Assisted,1990,,,,,WAITING FOR THE LIGHT_1990,STOCK FOOTAGE WAS APPROVED FOR THE FILM.,
IN COUNTRY,(NEVER PRODUCED),DENIED,Not assisted,,,,,,IN COUNTRY_,"DOD FELT THERE WAS NOTHING POSITIVE FOR THE DEPARTMENT OR FOR THE ARMY SINCE THE FILM CONCERNED THE ARMY. NO RECORD OF THIS FILM BEING MADE--NO CONNECTION TO NORMAN JEWISON FILM, WHICH SEE.",
NAVY SEALS,,LIMITED,Assisted,1990,5.6,Orion Pictures,25069101,20000000,NAVY SEALS_1990,"THE REQUEST FOR APPROVAL WAS DENIED, BUT DUE TO SOME SUBSTANTIAL POSITIVE CHANGES IN THE SCRIPT, THE NAVY DID PROVIDE SOME COURTESY ASSISTANCE.",
THE EXORCIST III,,DENIED,Not assisted,1990,6.4,Morgan Creek Entertainment,39024251,0,THE EXORCIST III_1990,"MODEST ASSISTANCE DENIED BECAUSE THE FILM HAD PRACTICALLY NOTHING TO DO WITH THE MILITARY AND THEREFORE DIDN'T PROVIDE ANY BENEFIT TO DOD,",
COME SEE THE PARADISE,,DENIED,Not assisted,1990,6.7,Twentieth Century Fox,947306,17500000,COME SEE THE PARADISE_1990,DENIED BECAUSE IT HAD A VERY LITTLE OR NOTHING TO DO WITH THE ARMY,
THE HANDMAID'S TALE,,DENIED,Not assisted,1990,6,Bioskop Film,4960385,0,THE HANDMAID'S TALE_1990,"THE PRODUCTIONS REQUEST FOR EQUIPMENT FROM THE NATIONAL GUARD BUREAU WAS DENIED. THE STORY NOT BENEFIT THE DOD, IT WAS SET 20-30 YEARS IN THE FUTURE WITH NO REFERENCE TO THE US, IT RAISED CONTROVERSY.",
CAPTAIN AMERICA,,DENIED,Not assisted,1990,,,,,CAPTAIN AMERICA_1990,"THE REQUEST FOR STOCK FOOTAGE WAS DENIED BY THE- DOD, AS WELL AS, THE DEPARTMENT OF THE ARMY. THE AMOUNT OF MILITARY PRESENCE IN THE FILM WAS EITHER FANCIFUL OR DAMAGING SUGGESTED COMMERCIAL ASSISTANCE. NEVER RELEASED THEATRICAL IN US. APPARENTLY A VERY TERRIBLE FILM",
THE NIGHT OF THE LIVING DEAD,,DENIED,Not assisted,1990,,,,,THE NIGHT OF THE LIVING DEAD_1990,"THE FILM [HAD] NO BENEFIT TO THE MILITARY, RECRUITING, RETENTION, OR OTHERWISE. NOR WAS IT ACCURATE OR FEASIBLE. SO THE ANG DENIED USE OF AIRCRAFT, VEHICLES, AND PERSONNEL.",
DIE HARD 2,,DENIED,Not assisted,1990,7.1,Twentieth Century Fox,240031274,70000000,DIE HARD 2_1990,"THE FILM MET NONE OF THE DEPARTMENTS CRITERIA FOR APPROVAL, SUCH AS HISTORICAL AUTHENTICITY, ACCURACY OF FEASIBILITY, BENEFITS TO UNDERSTANDING OF THE MILITARY, RECRUITING VALUE, ETC.",Y
FIRE BIRDS,"FORMERLY 'WINGS OF APACHE""",APPROVED,Assisted,1990,4.8,Nova International Films,14760451,22000000,FIRE BIRDS_1990,"THE AIR FORCE AND THE ARMY SUPPORTED THE MAKING OF THE FILM. ON THE OTHER HAND, THE REQUEST FOR AN APACHE TO BE USED A STATIC DISPLAY IN TOKYO WAS DENIED.",
SUCH DREAMS I HAVE DREAMED,,DENIED,Not assisted,1990,,,,,SUCH DREAMS I HAVE DREAMED_1990,NO BENEFIT TO THE DOD. THE FILM HAD AN INACCURATE PORTRAYAL OF US. AND OTHER COUNTRIES‘ POLICIES. THE REQUEST FOR STOCK FOOTAGE WAS DENIED,
MEMPHIS BELLE,SOUTHERN BELLE,DENIED,Not assisted,1990,6.9,Enigma Productions,27441977,23000000,MEMPHIS BELLE_1990,THE AIR FORCE AND DOD TWICE REVIEWED THE SCRIPT AND FOUND IT BOTH TIMES TO HAVE INACCURATE PORTRAYALS. THE REQUEST FOR ASSISTANCE WAS LATER DENIED. FILM IS AN ABSURD PORTRAYAL OF BOMBING OF GERMANY. CONTAINED ALL THE CLICHES EVER INCLUDING IN AN AIR FORCE BOMBER MOVIE. ONLY CONNECTION WITH WYLER DOCUMENTARY IS USE OF COMBAT FOOTAGE. PILOT OF MEMPHIS BELLE THOUGHT COMPLETED FILM HAD NO RELATIONSHIP TO REALITY,
A MORAL ISSUE,,DENIED,Not assisted,,,,,,A MORAL ISSUE_,"THERE ARE NO RECORDS OF DOD EVER APPROVING THE FILM. THE FILM WAS NEVER PRODUCED, SOEVIDENTALLY IF ANY RESPONSE WAS GIVEN, IT WAS NO",
THE HUNT FOR RED OCTOBER,,APPROVED,Assisted,1990,7.6,Paramount Pictures,200512643,30000000,THE HUNT FOR RED OCTOBER_1990,"THE SCRIPT WAS VERY POSITIVE FOR THE NAVY. (THIS FILM WAS RELEASED IN 1999 BUT FILMED IN 1939) THE FILM WAS APPROVED BY THE DEPARTMENT AND THE NAVY. ASSISTANCE INCLUDED USE OF AIRCRAFT, AN AIRCRAFT CARRIER, A SURFACE WARSHIP (USED TO DEPICT THE RED OCTOBER ENGINE ROOM) AND A NUCLEAR ATTACK SUBMARINE.",
THE Q STREET,,DENIED,Not assisted,,,,,,THE Q STREET_,"DOD AND NAVY ASSISTANCE WAS DENIED BECAUSE THE FILM FEATURES A GOV. ORDERED & SANCTIONED ASSASSINATION OF A VERY IMPORTANT US CITIZEN, WHILE HELD FORCIBLY AT THE BETHESDA NAVAL HOSPITAL. NO FILE. NO RECORD OF FILM BEING MADE",Y
CROSS BELTS,,OTHER,Not assisted,,,,,,CROSS BELTS_,"THE FILM WAS LEFT PENDING AS OF 13 SEPTEMBER, 1988. IT WAS FELT AT THE TIME THAT THE STORY WAS TOTALLY MISLEADING AND DISTORTED THE PURPOSE OF THE FOURTH CLASS SYSTEM. NO FURTHER ACTIONS WERE TAKEN. NO RECORD OF FILM BEING MADE",
HOT SHOTS,,OTHER,Not assisted,1991,,,,,HOT SHOTS_1991,PARODY OF TOP GUN,
POISON,,DENIED,Not assisted,1991,6.4,Bronze Eye Productions,787280,250000,POISON_1991,THE DEPARTMENT DISAPPROVED THE REQUEST FOR LOCATIONS BECAUSE THE FILM DID NOT BENEFIT THE DEPARTMENT NOR WAS IT IN THE BEST NATIONAL INTEREST COMMERCIAL ASSISTANCE WAS AVAILABLE. NO,Y
THE SILENCE OF THE LAMBS,,APPROVED,Assisted,1991,8.6,Strong Heart/Demme Production,272742922,19000000,THE SILENCE OF THE LAMBS_1991,"THE FILM WAS APPROVED BY THE NGB AS WELL AS THE DOD. IT WAS THOUGHT THAT THE DEPICTION OF A PRISONER TRANSFER IN A MILITARY HANGAR FOR SECURITY PURPOSES WAS REASONABLY ACCURATE AND POSITIVE. ANG ASSISTED. ALSO, REQUEST FOR FOOTAGE OF A C-13B WAS PROVIDED BY THE 146TH TACTICAL AIRLIFT WING.",
VENGEANCE OF A SOLDIER,,DENIED,Not assisted,,,,,,VENGEANCE OF A SOLDIER_,THE FILM WAS FOUND TO BE INACCURATE AND NON-BENEFICIAL TO THE NAVY NOR THE DEPARTMENT. THE REQUEST FOR STOCK FOOTAGE AND OTHER ASSISTANCE WAS DENIED. FILE CONTAINS NO RELEVANT CORRESPONDENCE,
FLIGHT OF THE INTRUDER,,APPROVED,Assisted,1991,5.8,Paramount Pictures,14587732,35000000,FLIGHT OF THE INTRUDER_1991,"THE DEPARTMENT OF THE NAVY AND THE DOD, APPROVED THE PARAMOUNT FILM. THE FILM WAS TECHNICALLY ACCURATE AND PORTRAYED THE MILITARY IN A GENERALLY POSITIVE MANNER. ONE OF THE MOST POSITIVE MOVIES ABOUT US MILITARY IN VIETNAM. FAILED AT BOX OFFICE BECAUSE IT APPEARED AT THE TIME THE GULF WAR WAS BEING FOUGHT ON TELEVISION",
FOR THE BOYS,,OTHER,Not assisted,1991,6.4,All Girl Productions,23202444,40000000,FOR THE BOYS_1991,"COMPANY WANTED MILITARY INSTALLATIONS AND EXTRAS. FINALLY, THEY DECIDED THAT NO DOD ASSISTANCE WAS REQUIRED AT ALL, BUT THEY WOULDN'T HAVE RECEIVED IT ANYWAY, BASED ON NEGATIVE DEPICTIONS IN SCRIPT.",
TOY SOLDIERS,,APPROVED,Assisted,1991,6.6,TriStar Pictures,15073942,10000000,TOY SOLDIERS_1991,"ARMY AND ARMY NATIONAL GUARD GAVE ASSISTANCE TO THE PRODUCTION AFTER WORKING OUT DETAILS OF FBI/MILITARY COMMAND AND CONTROL AND ISSUES PERTAINING TD USE OF US MILITARY FORCES IN THE US. PRODUCTION COMPANY ALSO INCREASED THE MILITARY THREAT POSED BY THE TERRORISTS, TO JUSTIFY FBI REQUESTING US MILITARY AUGMENTATION. POSITIVE, REASONABLY ACCURATE DEPICTION.",
DESERT STORM- THE MOVIE,,DENIED,Not assisted,1991,,,,,DESERT STORM- THE MOVIE_1991,"THE AIR FORCE, THE MARINE CORPS, AND THE DOD DECLINED ASSISTING THE PRODUCTION BECAUSE DID NOT MEET THE NECESSARY CRITERIA. IT DIDN'T ENHANCE RECRUITMENT OR RETENTION DR PUBLIC UNDERSTANDING OF THE ARMED FORCES. NO RECORD OF THE MOVIE BEING MADE",
THE ROCKETEER,,APPROVED,Assisted,1991,6.5,Walt Disney Pictures,46704056,35000000,THE ROCKETEER_1991,"COURTESY ASSISTANCE WAS PROVIDED AS A POSITIVE COMMUNITY RELATIONS INITIATIVE. SAFETY, LIABILITY PROTECTION, AND REIMBURSEMENT WERE ACKNOWLEDGED AS BEING RESPONSIBILITIES OF THE PRODUCTION.",
FIELD OF FIRE,,DENIED,Not assisted,1992,,,,,FIELD OF FIRE_1992,"MR WEBB REQUESTED HELICOPTERS, EXTRAS FOR FILMING IN VIETNAM. AS A FALL-BACK MEASURE, IF THE POLITICAL SITUATION PRECLUDED FILMING WITH US ASSETS IN VIETNAM, HE REQUESTED MARINES ON LEAVE TO FILM IN VIETNAM. NUMEROUS NEGATIVE MILITARY PORTRAYALS. MARINES ASKED FOR RECONSIDERATION ON 12-JAN-1994. NO FURTHER ACTION TAKEN. PROJECT IN LIMBO UNTIL 1999 WHEN WEBB REVISED SCRIPT AND RESUBMITTED IT TO SAAV. STILL NO OFFICIAL ACTION. AS OF 01 JAN 2000, DOD IS STILL WAITING FOR THE PRODUCTION TO GET OFF THE GROUND.",
LOVE FIELD,,DENIED,Not assisted,1992,6.6,Orion Pictures,1014726,18000000,LOVE FIELD_1992,"THE DEPARTMENT OF DEFENSE AND THE MDW AREA DENIED FILMING WITHIN ARLINGTON NATIONAL CEMETERY. IT WAS FELT THAT THE FILM HAD NO MILITARY THEME, AND DEPICTION OF CIVILIAN LAW ENFORCEMENT OPERATION DEPICTED ACCURATELY FOR THE SAKE OF ACTION AND DRAMA",
FINAL ANALYSIS,,LIMITED,Assisted,1992,5.9,Warner Bros.,28590665,32000000,FINAL ANALYSIS_1992,THE UNITED STATES ARMY APPROVED USE OF THE PUBLIC HEALTH SERVICE HOSPITAL AT THE PRESIDIO IN SAN FRANCISCO. THE ARMY AND DOD FELT THIS ASSISTANCE WOULD BE A POSITIVE COMMUNITY THE ARMY PROVIDED USE OF THE PUBLIC HEALTH SERVICE HOSPITAL AS A COMMUNITY RELATIONS INITIATIVE,
HONEY I BLEW UP THE BABY [KID],,OTHER,Not assisted,1992,,,,,HONEY I BLEW UP THE BABY [KID]_1992,"THE REQUEST FOR DOD ASSISTANCE CAME IN FROM THE PRODUCER. THERE FOLLOWED A PERIOD OF NEGOTIATION, WHILE DOD ATTEMPTED TO REMOVE THE DEPICTION OF MILITARY HELICOPTER PILOTS FOLLOWING THE MURDEROUS ORDERS OF A CIVILIAN SCIENTIST BAD GUY. HOWEVER, DOD ABILITY TO INFLUENCE THE SCRIPT WENT AWAY WHEN IT WAS INFORMED THAT ITS ASSISTANCE WAS NO LONGER REQUIRED.",
IRON EAGLE III,,DENIED,Not assisted,1992,,,,,IRON EAGLE III_1992,"THE DEPARTMENT DENIED ALL REQUESTS OF APPROVAL. THE FILM CONTRADICTED US GOVERNMENT POLICY. THE FILM FAILED TO DEPICT MILITARY PEOPLE & EVENTS ACCURATELY, AND WOULD NOT BENEFIT RECRUITING OR RETENTION.",
A MIDNIGHT CLEAR,,DENIED,Not assisted,1992,7.2,A&M Films,1526697,5000000,A MIDNIGHT CLEAR_1992,"DECLINED ASSISTANCE (REQUEST FOR WWII FACILITIES IN UTAH) DUE TO COMPLETELY NEGATIVE, NIHILISTIC DEPICTION OF MILITARY PERSONNEL AND OPERATIONS. ALSO PROVIDING FACILITIES WOULD HAVE COMPETED WITH PRIVATE INDUSTRY",
PATRIOT GAMES,,APPROVED,Assisted,1992,6.9,Mace Neufeld Productions,178051587,45000000,PATRIOT GAMES_1992,THE FILM CONTAINED NO MAJOR MILITARY ASPECTS BUT IT WAS ALSO AN EXCELLENT OPPORTUNITY TO SHOWCASE THE NAVAL ACADEMY. THE FILM CONTAINED NO MAJOR MILITARY ASPECTS BUT IT RESPECTED THE MILITARY AND FEDERAL GOVERNMENT,
SHINING THROUGH,,LIMITED,Assisted,1992,6.4,Twentieth Century Fox,43838238,0,SHINING THROUGH_1992,THE DEPARTMENT AND THE AIR FORCE RELEASED SOME WWII STOCK FOOTAGE TO THE PRODUCTION FOR RELEASE,
FOREVER YOUNG,AKA THE REST OF DANIEL,APPROVED,Assisted,1992,6.3,Warner Bros.,127956187,0,FOREVER YOUNG_1992,PERMITTED USE OF ARMY RESERVE FACILITY AS BACKGROUND FOR SIMULATED AIR SHOW SEQUENCE; FILM GAVE OPPORTUNITY TO SHOWCASE MILITARY AIR SHOWS.,Y
HOFFA, ,OTHER,Not assisted,1992,6.6,Twentieth Century Fox,29302121,35000000,HOFFA_1992,COMPANY RENTED SDME OFFICE FURNITURE THAT WAS ON ITS WAY TD SALE TO PUBLIC AS SURPLUS GOVT PROPERTY; CO. CERTIFIED NONE WAS AVAILABLE THROUGH PRIVATE SECTOR (no MILITARY CONNECTION TD PICTURE,
UNDER SIEGE,AKA DREADNAUGHT,DENIED,Not assisted,1992,6.5,Warner Bros.,156563139,35000000,UNDER SIEGE_1992,"DECLINED ASSISTANCE, BUT COORDINATED FOR AERIAL REASON: AIR SAFETY CONSIDERATIONS PHOTOGRAPHY WHILE USS MISSOURI WAS PARTICIPATING IN WWII COMMEMORATIVE CEREMONY AT PEARL HARBOR",
A FEW GOOD MEN,,LIMITED,Assisted,1992,7.7,Columbia Pictures,243240178,41000000,A FEW GOOD MEN_1992,"INACCURATE, NEGATIVE PORTRAYALS OF MARINES. PRODUCER/WRITER DID MAKE SOME SCRIPT CHANGES, SO WE LET THEM USE NAS PT MUGU FOR A MINOR SCENE. PROBLEM CENTERED ON DECORATED, SENIOR MARINE COMMANDING OFFICER WHOSE INAPPROPRIATE LEADERSHIP STYLE RESULTED IN THE DEATH OF AN UNPOPULAR MARINE ENLISTED MAN. THE C.O. THEN TRIES TO COVER UP THE INCIDENT. BASED ON A TRUE STORY, BUT FULL OF INACCURACIES IN THE DRAMATIZED VERSION.",
"LAST ACTION HERO, THE",,LIMITED,Assisted,1993,,,,,"LAST ACTION HERO, THE_1993",FILM ABOUT COMIC BOOK HERO TIME TRAVELING BETWEEN COMIC BOOK WORLD AND REAL WORLD. NO MILITARY THEME. REQUESTED PERMISSION TO PIACE FICTIONAL MOVIE PROMOTION SIGN (EVENTUALLY WAS A BALLOON) ATOP THE MILITARY RECRUITING STATION AT TIMES SQUARE IN NYC. WE SAID OKAY. MINOR PLUG FOR THE RECRUITING STATION. FILMED IN JAN 93 WITHOUT INCIDENT,
THE CONCIERGE,,DENIED,Not assisted,1993,,,,,THE CONCIERGE_1993,"BE IN BACKGROUND OF DIALOG SCENE — NO MILITARY CONNECTION + RIDICULOUS USE OF MILITARY DECLINED REQUEST TO USE NAT‘L GUARD ARMORY AND GUARD TANKS FOR AN ”AVANT GARDE"" FASHION SHOW TO BE IN BACKGROUND OF DIALOG SCENE-NO MILITARY.",
SLEEPLESS IN SEATTLE,,LIMITED,Assisted,1993,6.8,TriStar Pictures,227927165,21000000,SLEEPLESS IN SEATTLE_1993,"PRODUCTION COMPANY REQUESTED USE OF NAVY HANGAR IN WASHINGTON STATE, SEATTLE AREA, FOR USE AS A PRODUCTION FACILITY. CONSIDERING HANGAR WILL SOON BE TURNED OVER TO THE STATE, WE AGREED, ALTHOUGH THERE IS NO MILITARY THEME TO THE PICTURE AT ALL.",
KING OF THE HILL,,DENIED,Not assisted,1993,7.4,Wildwood Enterprises,1214231,8000000,KING OF THE HILL_1993,AGREEMENT LEASING THIS FEDERAL PROPERTY TO THE STATE PROHIBITS COMMERCIAL USE. PRODUCTION COMPANY REQUEST USE OF JEFFERSON BARRACKS (AIR NATIONAL GUARD SITE) FOR ABOUT SIX HOURS TO DEPICT A 1939'S TUBERCULOSIS SANITARIUM EXTERIOR.,
MATINEE,,APPROVED,Assisted,1993,6.9,Universal Pictures,9532895,13000000,MATINEE_1993,"AUTHORIZED FILMING WITH FLORIDA NATIONAL GUARD TO SET UP A HAWK MISSILE BATTERY (ACTUALLY DONE DURING THE CUBAN MISSILE CRISIS), AUTHORIZED FILMING NAVY HELICOPTER FLYING OVERHEAD, AUTHORIZED FILMING AT NAS KEY WEST. POSITIVE DEPICTION OF NAVY FAMILY, THOUGH NOT MUCH OF A MILITARY PRESENCE OTHERWISE",
DAVE,,APPROVED,Assisted,1993,6.8,Warner Bros.,63270710,28000000,DAVE_1993,ESSENTIALLY NON-MILITARY PICTURE. MARINE HONOR GUARD SERVED AS OFF-DUTY EXTRAS TO REENACT A PRESIDENTIAL ARRIVAL SCENE AT THE WHITE HOUSE. COURTESY ASSISTANCE. ALLOWED EXTERIOR FILMING AT NAVAL HOSPITAL BETHESDA FOR MINOR SCENE AT THE END OF THE FILM.,
IN THE ARMY NOW,,APPROVED,Assisted,1994,5,Hollywood Pictures,28881266,0,IN THE ARMY NOW_1994,"PAULY SHORE COMEDY IN WHICH HE BECOMES AN ARMY RESERVE WATER PURIFICATION SPECIALIST & WINDS UP BEING RECALLED TO ACTIVE DUTY. COMPANY REQUESTED USE OF ARMY RESERVE SITE, HELICOPTERS, VEHICLES, EXTRAS, FOR PRODUCTION.",
STEALTH,,DENIED,Not assisted,,,,,,STEALTH_,"THE FILM WAS INACCURATE AND DAMAGING IN ITS PORTRAYAL OF AIR FORCE LIFE, OPERATIONS, AND POLICIES THE FILM ALSO HAD TOO MANY ERRORS TO CORRECT WITHOUT LOSING THE BASIC PREMISE. NO RECORD OF FILM BEING MADE",
CLEAR AND PRESENT DANGER,,APPROVED,Assisted,1994,6.9,Mace Neufeld Productions,215887717,62000000,CLEAR AND PRESENT DANGER_1994,"REQUESTED AIRCRAFT, SHIPS, LOCATIONS. AFTER AN EXTENDED PERIOD OF SCRIPT NEGOTIATIONS, APPROVED ASSISTANCE. USE OF AIRCRAFT CARRIER TO LAUNCH ATTACK ON DRUG LORDS",
ADVENTURES OF MARY-KATE & ASHLEY,THE CASE OF THE UNITED STATES NAVY ADVENTURE,APPROVED,Assisted,1994,,,,,ADVENTURES OF MARY-KATE & ASHLEY_1994,"PRODUCTION COMPANY REQUESTED USE OF NAVY INSTALLATIONS AND SHIP IN PEARL HARBOR, HI. AFTER SUCCESSFUL NEGOTIATIONS TO IMPROVE ACCURACY AND POSITIVE ASPECT OF SCRIPT, OK'D ASSISTANCE. NO FILE EXISTS.",
GUARDING TESS,,APPROVED,Assisted,1994,6.2,Channel Films,27058304,20000000,GUARDING TESS_1994,COMPANY DID FILM ARRIVAL SCENE WITH ANG HANGARS AND AIRCRAFT IN BACKGROUND. ADVISED THAT THEY WERE GOING TO USE A NEWLY-RENTED CIVILIAN HELICOPTER ULTIMATELY USED NG HELICOPTER FOR NIGHT EVACUATION SCENE. PAID ALL EXPENSES,
CAMP NOWHERE,,APPROVED,Assisted,1994,6.1,Hollywood Pictures,10475705,0,CAMP NOWHERE_1994,STORY ABOUT KIDS INVENTING A FAKE SUMMER CAMP OF THEIR OWN — COMPANY WANTED SOME MILITARY JETS TO FLY OVER (TARGET OF OPPORTUNITY) FOR A SHOT THAT REINFORCES THE KIDS' PLAN (THE AUDIENCE UNDERSTANDS THAT THE JETS AREN'T REALLY PART OF IT),Y
PUPPET MASTERS,,DENIED,Not assisted,1994,,,,,PUPPET MASTERS_1994,"MARK INDIG PROVIDED SCRIPT TO PHIL STRUB INFORMALLY, TO GET HIS OPINION. SINCE IT INVOLVES SLUG- LIKE ALIENS WHO TRY TO TAKE OVER THE HUMAN RACE (AND VANQUISH A LITTLE ARMY ATTEMPT TO DESTROY THEM), STRUB SAID THAT MILITARY ASSISTANCE WAS NOT GOING TO BE FORTHCOMING. PROVIDED INFO TO INDIG OVER THE PHONE ON MAY 24. NO FILE.",y
"NEXT KARATE KID, THE",,APPROVED,Assisted,1994,,,,,"NEXT KARATE KID, THE_1994",APPROVED FILMING FICTIONAL AWARDS CEREMONY AT FORT MYER & EXTRAS FOR ARRIVAL SCENE AT NATIONAL AIRPORT — POSITIVE DEPICTION OF MILITARY (KEY IF SHORT OPENING SCENE),
"CLIENT, THE",,APPROVED,Assisted,1994,,,,,"CLIENT, THE_1994","COMPANY REQUESTED TO USE NATIONAL GUARD HANGAR AND EXTRAS TO ENACT SCENE IN WHICH ""THE CLIENT"" IS ACCEPTED INTO THE FEDERAL WITNESS PROTECTION PROGRAM UNDER HEAVY FBI/NATIONAL GUARD SECURITY. FBI SAID PORTRAYAL IS REALISTIC. APPROVED SUPPORT",
FORREST GUMP,,DENIED,Not assisted,1994,8.8,Paramount Pictures,678226133,55000000,FORREST GUMP_1994,"REQUESTED ARMY SUPPORT TO REENACT BASIC TRAINING AND VIETNAM COMBAT SCENE. EARLY SCRIPT HAD NIHILISTIC VIEW OF MILITARY & VIETNAM EXPERIENCE. ARMY & WE SAID NO THANKS. LATER SCRIPT MUCH BETTER, WITH INPUT FROM TECH ADVISOR DALE DYE, BUT ARMY STILL NOT INTERESTED IN ASSISTING. DURING THIS PROCESS, DOD & MARINES INDICATED THAT THEY MAY BE WILLING TO SUPPORT, BUT DIRECTOR BOB ZEMECKIS WAS NOT INTERESTED IN CHANGING FROM ARMY. THE FILMMAKERS DID MAKE ONE VERY IMPORTANT CHANGE SUGGESTED BY THE ARMY: ORIGINAL SCRIPT HAD AN ENTIRE COMPANY OF MEN LIKE FORREST AND BUBBA; ARMY POINTED OUT THAT THE ACTUAL PROGRAM DISTRIBUTED SOLDIERS LIKE FORREST AMONG ""NORMAL"" SOLDIERS IN MANY COMPANIES. THE FINAL SCRIPT MADE THIS IMPORTANT CHANGE.",
CHASERS,,DENIED,Not assisted,1994,5.1,Morgan Creek Entertainment,1596687,0,CHASERS_1994,"NATIONAL GUARD ASKED DOD FOR PERMISSION TO PROVIDE A MOTOR POOL AND VEHICLES TO SUBSTITUTE FOR THE NAVY ONE IN THE SCRIPT. WE SAID NO, DID NOT MEET DOD CRITERIA FOR SUPPORT. PRODUCTION COMPANY INFORMALLY SOUGHT NAVY COOPERATION. AFTER INFORMAL NEGOTIATIONS, COMPANY AGREED THAT THE CHANGES WE WANTED WERE TOO MUCH TO ACCOMMODATE. IN MAY; 1993, SOUTH CAROLINA NATIONAL GUARD ASKED DOD FOR PERMISSION TO PROVIDE A MOTOR POOL",
"AMERICAN PRESIDENT, THE",,APPROVED,Assisted,1995,,,,,"AMERICAN PRESIDENT, THE_1995","PRODUCTION COMPANY REQUESTED MARINE MUSICIANS TO PORTRAY MARINE BAND, TECHNICAL ASSISTANCE, EXTRAS, TO ENACT WHITE HOUSE SOCIAL FUNCTIONS AND TO ASSURE THAT OTHER MILITARY PORTRAYALS ARE REASONABLY POSITIVE AND ACCURATE.",
THREE WISHES,,APPROVED,Assisted,1995,6.1,Rysher Entertainment,7027517,10000000,THREE WISHES_1995,"COMPANY REQUESTED USE OF FORT MACARTHUR (USAF) IN LA AREA TO DRESS AS ANDREWS AFB HOSPITAL AS BACKGROUND FOR SCENE IN WHICH SON OF MIA AIR FORCE OFFICER IS BEING TREATED. MILITARY DEPICTION ACCURATE AND POSITIVE, THOUGH FILM HAS LITTLE TO DO WITH MILITARY.",
"PEREZ FAMILY, THE",,APPROVED,Assisted,1995,,,,,"PEREZ FAMILY, THE_1995","LARGELY BACKGROUND BUT IMPORTANT TO STORY. POSITIVE, ACCURATE DEPICTION. NO FILE. REQUESTED USE OF FLORIDA NATIONAL GUARDSMEN TO REENACT THE HUMANITARIAN AID THEY PROVIDED (WITH TENTS, TRUCKS) TO CUBAN REFUGEES DURING THE MARIEL EXODUS. 12 SHOOTING DAYS.",
LE NOUVEAU MONDE,THE NEW WORLD,DENIED,Not assisted,1995,,,,,LE NOUVEAU MONDE_1995,"REQUESTED MILITARY BAND IN EUROPE FOR PERIOD FILM (EARLY '60'S) IN WHICH YOUNG FRENCH PEOPLE ARE INFLUENCED BY JAZZ-PLAYING US SOLDIERS. UNFORTUNATELY, SOME SOLDIERS ARE SMOKING MARIJUANA, SOME ARE VERY HEAVY DRINKERS, AND NONE ARE PARTICULARLY POSITIVE. NO FILE.",Y
"NET, THE",,LIMITED,Assisted,1995,,,,,"NET, THE_1995","COMPANY REQUESTED ONE DAY FILMING AT MISSILE LAUNCH FACILITY AT VANDENBERG AFB. PICTURE ESSENTIALLY NON-MILITARY, BUT THE SCENE IS INNOCUOUS AND OFFERS A BRIEF REMINDER THAT THE AIR FORCE IS IN THE MISSILE LAUNCH BUSINESS. FILMING COMPLETED OK. NO FILE",
GOLDENEYE,,APPROVED,Assisted,1995,7.2,Eon Productions,352194034,60000000,GOLDENEYE_1995,"APPROVED REQUEST FOR MARINES AND NATIONAL GUARD HELICOPTERS TO COME TO THE BELATED RESCUE OF JAMES BOND AT CONCLUSION OF THIS FILM. NO FILE. REASONABLY REALISTIC & POSITIVE, IF BRIEF. FILMED SUCCESSFULLY IN PUERTO RICO FOR TWO DAYS.",y
OUTBREAK,,DENIED,Not assisted,1995,6.6,Warner Bros.,189859560,50000000,OUTBREAK_1995,"PRODUCTION COMPANY REQUEST CONSIDERABLE MILITARY ASSISTANCE, INCLUDING AIRCRAFT AND VEHICLES. HOWEVER, FUNDAMENTAL NEGATIVE PORTRAYALS ABOUNDED. COMPANY WAS ULTIMATELY UNWILLING TO MAKE KEY CHANGES AND WITHDREW REQUEST. NO DOD FILE",
TANK GIRL,,DENIED,Not assisted,1995,5.4,Image Comics,4064495,25000000,TANK GIRL_1995,"REQUESTED USE OF MISSILE SILO FOR NONMILITARY ""MAD MAX"" TYPE OF STORY — DID NOT MEET DOD CRITERIA FDR SUPPORT, NO FILE",
CRIMSON TIDE,,APPROVED,Assisted,1995,7.3,Hollywood Pictures,157387195,53000000,CRIMSON TIDE_1995,FILMMAKERS ADVISED SAAV (OVER TELEPHONE) THAT THEY WERE NOT INCLINED TO REDUCE ARM ED MUTINY TO WAR OF WORDS/CONTEST OF WILLS. NEITHER PRODUCER JERRY BRUCKHEIMER NOR DIRECTOR TONY SCOTT EVER ENTERED INTO ACTUAL NEGOTIATIONS — NAVY PROBABLY OPPOSED TO ANY KIND OF MUTINY (PARTICULARLY AN ARMED MUTINY). SAAV FAXED AUTHORIZATION FOR STOCK FOOTAGE TO MMRC (IN LIEU OF FOIA REQUEST).,X
APOLLO 13,AKA LOST MOON,APPROVED,Assisted,1995,7.6,Universal Pictures,355237933,52000000,APOLLO 13_1995,"REQUESTED USE OF NAVY SHIP, ETC, TO REENACT CAPSULE RECOVERY AT END OF MISSION. ENTIRELY ACCURATE AND POSITIVE DEPICTIONS ALL AROUND.",
MAJOR PAYNE,,DENIED,Not assisted,1995,6.3,Universal Pictures,30112050,0,MAJOR PAYNE_1995,ANOTHER WARRIOR OUT OF BATTLE STORY. PATTON-LIKE MARINE WHO HAS NOTHING TO DO IN PEACETIME. TAKES OVER SCHOOL AND BECOMES HUMANIZED,
DOWN PERISCOPE,,DENIED,Not assisted,1996,6.2,Twentieth Century Fox,37553752,31000000,DOWN PERISCOPE_1996,"INFORMALLY PROVIDED SCRIPT FOR COMMENT & FEEDBACK. ADVISED LINE PRODUCER THAT SUPPORT WAS HOPELESS, GIVEN NEGATIVISM AND INACCURACIES AND THE FACT THAT THE FILM WAS BEING RUSHED INTO PRODUCTION, SO THE COMPANY WAS UNABLE TO MAKE HUGE CHANGES. DOD APPROVED OF THE NAVY WORKING WITH THE MARITIME ADMINISTRATION TO USE A MOTHBALLED SUBMARINE, WHICH WAS TOWED IN FRONT OF THE CAMERAS.",
SGT BILKO,,DENIED,Not assisted,1996,,,,,SGT BILKO_1996,"NEVER RECEIVED FORMAL REQUEST. BUT SAAV PERSONALLY TOLD IMAGINE ENTERTAINMENT CO-OWNER BRIAN GLAZER ""HOPELESS"", AND OCPA-LA TOLD UNIVERSAL EXECUTIVE ANDY GIVEN AND IMAGINE ENTERTAINMENT EXECUTIVE THAT IT IS HOPELESS. COMPLETELY NEGATIVE, INACCURATE. IMPOSSIBLE TO ALTER BY ANY MEANS OTHER THAN TOTAL REWRITE AND COMPLETELY NEW FILM.",Y
LARGER THAN LIFE,ELEPHANT MAN II,APPROVED,Assisted,1996,5.6,United Artists Pictures,8315693,30000000,LARGER THAN LIFE_1996,APPROVED USE OF C-5 AIRCRAFT (NON-FLYING) ON THE GROUND AT SO CAL AIRPORT FOR SCENE IN WHICH THE USAF IS HELPING RELOCATE ELEPHANTS TO SRI LANKA FOR AN ANIMAL CONSERVATION PROJECT. REASONABLY ACCURATE & VERY POSITIVE. NO FILE.,
FLY AWAY HOME,AKA FATHER GOOSE,APPROVED,Assisted,1996,6.8,Columbia Pictures,25143818,22000000,FLY AWAY HOME_1996,"ESSENTIALLY A NON-MILITARY, FAMILY TYPE PICTURE ABOUT A MAN AND HIS DAUGHTER REUNITED WHILE HELPING SOME ORPHAN GEESE TO MIGRATE TO SAFETY FROM CANADA. BRIEF BUT REASONABLY POSITIVE AND ACCURATE SEQUENCE HAS GEESE PLUS ULTRALIGHTS EMERGENCY LAND AT AIR FORCE BASE. AFTER INITIAL SURPRISE, AIR FORCE FEEDS GEESE, REFUELS ULTRA-LIGHTS, AND THE FILM GOES ON. APPROVED FILMING WITH NATIONAL GUARD AND USAF AIRCRAFT STATIONARY AND IN FLIGHT OPERATIONS IN MY STATE (AIR NATL GUARD BASE) FOR SEVERAL DAYS.",y
INDEPENDENCE DAY,,DENIED,Not assisted,1996,7,Twentieth Century Fox,817400891,75000000,INDEPENDENCE DAY_1996,"NO COOPERATION DUE TO IMPLAUSIBLE PORTRAYAL OF MILITARY AND STORY CENTERED ON ALIENS ATTACKING FROM SPACE AND ANEMIC US MILITARY RESPONSE. ON OR ABOUT 1995, BECAME OBVIOUS THAT THE COMPANY WAS GOING TO GO ITS OWN WAY AND MAKE PICTURE WITHOUT US. NO FORMAL LETTER FROM DOD.",X
THE UNDERCOVER KID,HOW I SAVED THE PRESIDENT,LIMITED,Assisted,1996,,,,,THE UNDERCOVER KID_1996,"REQUESTED USE OF ARMY PARKING LOT FOR BACKGROUND OF SHOT — ARMY NEGOTIATED INCLUSION OF SPECIAL OPS URBAN WARFARE TRAINING SCENE, JUSTIFYING USE OF (ARMED FORCES RESERVE CENTER) PARKING LOT AND MILITARY VEHICLES.",
"TIME TO KILL, A",,APPROVED,Assisted,1996,,,,,"TIME TO KILL, A_1996",APPROVED USE OF MISSISSIPPI NATIONAL GUARD FOR A FEW DAYS TO ENACT RIOT-PREVENTION EFFORTS IN SMALL SOUTHERN TOWN (FICTIONAL DRAMA),
COURAGE UNDER FIRE,,DENIED,Not assisted,1996,6.6,Fox 2000 Pictures,100860818,46000000,COURAGE UNDER FIRE_1996,"PRODUCTION COMPANY REQUESTED USE OF ARMORED VEHICLES (TANKS, BRADLEYS) AIRCRAFT, INSTALLATIONS, ETC, BUT TOO MANY SCRIPT CONCERNS REMAINED UNRESOLVED (MUTINY, COVER-UP, ETC). GAVE COURTESY, INFORMATIONAL ASSISTANCE ONLY. DID CONCUR WITH ARMY SETTING UP OVERNIGHT VISIT TO FORT IRWIN FOR ACTOR DENZEL WASHINGTON, WHICH RESULTED IN HIM MAKING FAVORABLE COMMENTS DURING PUBLICITY INTERVIEWS PROMOTING THE FILM.",Y
EXECUTIVE DECISION,,APPROVED,Assisted,1996,6.4,Warner Bros.,121969216,55000000,EXECUTIVE DECISION_1996,"APPROVED REQUEST TO USE NAVY SHIPS, AIRCRAFT, PLUS ARMY HELICOPTER AND INSTALLATION. FOLLOWING BRIEF PERIOD OF SCRIPT NEGOTIATIONS (CONSIDERING THAT WE HAD GONE THROUGH THIS BEFORE WITH PREVIOUS INCARNATION OF PROJECT), GAVE APPROVAL. MILITARY DEPICTIONS REASONABLY ACCURATE AND POSITIVE. PRIMARILY AN ARMY PRODUCTION.",
CRASH DIVE,,OTHER,Not assisted,1996,,,,,CRASH DIVE_1996,"DID NOT REQUEST ASSISTANCE, DATE APPROXIMATE, NO FILE STORY OF US NAVAL OFFICER DETAILED TO A RUSSIAN SUBMARINE IN POST-COLD WAR ERA. FINDS TERRORISTS IN CONTROL OF SUB WHO WANT TO FIRE MISSILES. US OFFICER SAVES THE DAY.",
LONE STAR,,DENIED,Not assisted,1996,7.4,Columbia Pictures,12408986,5000000,LONE STAR_1996,"ARMY OFFICE IN LA PROVIDED MUCH INFORMATION TO FILMMAKERS IN PRE PRODUCTION. COMPANY WANTED TO SHOOT ON MILITARY BASE, BUT REFUSED TO SIGN AGREEMENT TO ALLOW ARMY PROJECT ADVISOR TO WATCH FILMING AND OFFER SUGGESTIONS FOR TECHNICAL CORRECTIONS. SO DID NOT RECEIVE COOPERATION, ARMY PA OFFICER DID CONSIDER HE HAD PROVIDED COURTESY ASSISTANCE",
THE ROCK,,OTHER,Not assisted,1996,7.4,Hollywood Pictures,335062621,75000000,THE ROCK_1996,"JERRY BRUCKHEIMER AND MICHAEL BAY PROBABLY KNEW THEY COULD NOT OBTAIN ASSISTANCE FOR A SCRIPT WHICH SHOWS A RETIRED MARINE GENERAL THREATENING TO DESTROY SAN FRANCISCO WITH A ROCKET LAUNCHED FROM ALCATRAZ. FULL OF HOLES. AS WITH TWILIGHT'S LAST GLEAMING, ABSURD TO THINK A GENERAL WOULD PUT HIMSELF IN A POSITION WITH NO WAY OUT. ABSURD, BUT SOMETIMES EXCITING.",Y
THE INNOCENT,,LIMITED,Assisted,1996,,,,,THE INNOCENT_1996,"APPROVED USE OF EXTERIOR OF TEMPELHOF AIRPORT IN BERLIN (AIR FORCE CONTROLLED) TO SERVE AS A PERIOD BACKGROUND FOR FILM, BASED ON USIA/AMERICAN EMBASSY BONN REQUEST 91 THE FACT THAT THE FACILITY WOULD SOON BE TURNED OVER TO THE GERMAN GOVT — COURTESY ASSISTANCE. NOT RELEASED IN US UNTIL 1999",
CONTACT,,APPROVED,Assisted,1997,7.5,Warner Bros.,171120329,90000000,CONTACT_1997,"ORIGINALLY A FAIR AMOUNT OF SILLY MILITARY DEPICTION. NEGOTIATED CIVILIANIZATION OF ALMOST ALL MILITARY PARTS. MINIMAL MILITARY DEPICTION, BUT POSITIVE (BENIGN). ALLOWED USE OF VEHICLES & HELICOPTERS FOR NATIONAL GUARD SEQUENCE. NO FILE",
MAD BEAR ANDERSON,,DENIED,Not assisted,,,,,,MAD BEAR ANDERSON_,"THE ARMY DENIED THE FILM, CITING INACCURATE PORTRAYAL OF ARMY AND IT HAD NO INFORMATIONAL VALUE. NO RECORD OF FILM BEING MADE",
WILD AMERICA,,APPROVED,Assisted,1997,6.4,Morgan Creek Entertainment,7342923,0,WILD AMERICA_1997,"ESSENTIALLY A NON-MILITARY PICTURE, WITH A BRIEF SCENE TAKING PLACE AT AN ARMY HOSPITAL — MINIMAL, BUT REASONABLY ACCURATE & POSITIVE",
TOMORROW NEVER DIES,,APPROVED,Assisted,1997,6.5,Eon Productions,333011068,110000000,TOMORROW NEVER DIES_1997,"PRODUCTION COMPANY MADE A FEW TECHNICAL CHANGES AND WE APPROVED ASSISTING JAMES BOND IN MAKING A HALO JUMP FROM ONE OF ""OUR"" RAF BASES IN ENGLAND.",
"JACKAL, THE",FORMERLY THE DAY OF THE JACKAL,APPROVED,Assisted,1997,,,,,"JACKAL, THE_1997",APPROVED USE OF AIRCRAFT AND FILMING LOCATIONS AFTER PRODUCTION COMPANY CHANGED FBI SNIPER TO MARINE SNIPER AND INCREASED SCOPE OF MARINE DEPICTIONS. PRODUCTION COMPANY USED MARINE CH-53 FOR FAST-ROPING SEQUENCE — FILM PRINCIPALLY DEPICTS FBI IN A POSITIVE LIGHT.,
G.I. JANE,,DENIED,Not assisted,1997,6,Caravan Pictures,48169156,50000000,G.I. JANE_1997,"THE COMPANY APPARENTLY BELIEVED IT DIDN'T REQUIRE ASSISTANCE, AND CAME LATE TO THE NEGOTIATING TABLE. CONSIDERABLE MEDIA ATTENTION RESULTED WHEN STAR DEMI MOORE PHONED THE WHITE HOUSE APPARENTLY IN AN ATTEMPT TO PERSUADE THE NAVY TO COOPERATE. THOUGH NOTHING CAME OF THE PHONE CALL, THE MEDIA PORTRAYED THE PROBLEM AS CENTERED ON THE ISSUE OF A FEMALE SEAL. THIS WAS INACCURATE. THE DIRECTOR HIMSELF SUGGESTED THAT SHE BE IN AN EXPERIMENTAL PROGRAM IN WHICH SHE DID SEAL-LIKE TRAINING. HOWEVER, NEGOTIATIONS BROKE DOWN OVER MANY SMALLER ISSUES, PRINCIPALLY DUE TO LACK OF TIME AND SOME NAVY OVER-ATTENTION TO THESE SMALLER ISSUES.",y
THE AGGRESSOR SQUADRON,,DENIED,Not assisted,,,,,,THE AGGRESSOR SQUADRON_,THE FILM DID NOT PRESENT AN ACCURATE OR FEASIBLE PORTRAYAL OF THE AIR FORCE. ASSISTANCE TO THE FILM WAS DENIED.,
BATMAN AND ROBIN,,LIMITED,Assisted,1997,,,,,BATMAN AND ROBIN_1997,ARMY ALLOWED USE OF WIND TUNNEL AT FORT BRAGG FOR BRIFF SEQUENCE,
COLONEL JAMES ROWE STORY,,LIMITED,Assisted,,,,,,COLONEL JAMES ROWE STORY_,THE DEPARTMENT OF THE ARMY APPROVED FOR BACKGROUND ASSISTANCE ONLY. NO RECORD THAT FILM WAS MADE,
DAY BEFORE MIDNIGHT,,DENIED,Not assisted,,,,,,DAY BEFORE MIDNIGHT_,"THE DEPARTMENTS OF THE ARMY, AIR FORCE, ANG, AND NGB DENIED ASSISTANCE TO THE FILM. THEY FELT THAT THE FILM HAD TOO MANY INACCURACIES. AS OF JAN 2001, THE FILM HASN'T BEEN PRODUCED",
AIR FORCE ONE,,APPROVED,Assisted,1997,6.5,Columbia Pictures,315156409,85000000,AIR FORCE ONE_1997,AIR FORCE PROVIDED FULL COOPERATION FOR FILM IN WHICH RUSSIAN TERRORISTS KIDNAP AIR FORCE ONE AND HOLD THE PRESIDENT HOSTAGE. USE OF FIGHTERS AND TRANSPORTS FOR AMBIANCE,Y
ARMAGEDDON,,APPROVED,Assisted,1998,6.7,Touchstone Pictures,553709788,140000000,ARMAGEDDON_1998,"PRODUCTION COMPANY ACCOMMODATED CONCERNS ABOUT DEPICTION OF JCS, CHAIRMAN & MILITARY ASTRONAUTS. APPROVED USE OF USAF LOCATIONS, HELICOPTER.",
THE GRAND TOUR,,DENIED,Not assisted,,,,,,THE GRAND TOUR_,"ON MAY 2, THE DEPARTMENT SENT A MEMO TO THE PRODUCTION COMPANY DENYING APPROVAL DUE TO FACT THAT IT HAD VERY LITTLE TO DO WITH THE DOD ACTIVITIES. NO RECORD OF FILM BEING MADE.",
STAR TREK: INSURRECTION,,LIMITED,Assisted,1998,6.4,Paramount Pictures,112587658,58000000,STAR TREK: INSURRECTION_1998,"PRODUCTION COMPANY REQUESTED USE OF INACTIVE TITAN MISSILE SILO (WITH MISSILE) UNDER CUSTODY OF PIMA AIR MUSEUM, ARIZONA. OTHER THAN ""USAF"" ON MISSILE, NO MILITARY DEPICTION.",
DEEP IMPACT,,APPROVED,Assisted,1998,6.2,Paramount Pictures,349464664,75000000,DEEP IMPACT_1998,"PRODUCTION COMPANY AGREED TO CHANGES IN SCRIPT; WE AGREED TO PROVIDE ARMY (NATIONAL GUARD) HELICOPTERS, VEHICLES (HUMVEES, TRUCKS) FOR A FEW DAYS OF FILMING IN L.A. AREA",
TRANSFER OF COURAGE,,APPROVED,Assisted,,,,,,TRANSFER OF COURAGE_,AND ALSO PROVIDED TENTAGE AND SANDBAGS THAT WERE NOT COMMERCIALLY AVAILABLE. FILM FOUND DOD AND MARINE CORPS AGREED TO USE OF WAKE ISLAND. WAS REASONABLY ACCURATE IN ITS PORTRAYAL OF EVENTS. DON'T KNOW IF FILM EVER PRODUCED (MONEY PROBLEMS).,
MYSTIC NIGHTS & PIRATE FIGHTS,,,Not assisted,1998,,,,,MYSTIC NIGHTS & PIRATE FIGHTS_1998,PRODUCTION COMPANY REQUESTED PERMISSION TO FILM US. SUBMARINES GETTING UNDERWAY & RETURNING TO PORT (TARGET OF OPPORTUNITY ONLY FOR THIS INNOCUOUS FILM THAT USES A NAVY FAMILY LARGELY AS SETTING). THE COMPANY ALSO ASKED TO FILM AT NAVY SUBMARINE BASE IN CONN.,
EAGLE IN THE SKY,,DENIED,Not assisted,,,,,,EAGLE IN THE SKY_,"THE FILM WAS DENIED BY THE US. NAVY AND DOD, AS COMPLETELY UNREALISTIC — REQUESTOR HAD WANTED USE OF AIRCRAFT FOR FILM IT DEPICTED OF THE NAVY. THE DEPARTMENT DECLINED TO ASSIST. NO RECORD OF FILM BEING MADE",
"THIN RED LINE, THE",,DENIED,Not assisted,1998,,,,,"THIN RED LINE, THE_1998","EARLY ON, PRODUCER MISUNDERSTOOD ARMY'S COMMENTS AND THOUGHT HE HAD RECEIVED APPROVAL. DESPITE MANY ""POLITICAL"" CONTACTS, ARMY REFUSED TO ASSIST DUE TO LACK OF ANY KIND OF BALANCE IN THE SCRIPT. NO EQUIPMENT TO PROVIDE IN ANY CASE",
EAGLE STRIKE,,DENIED,Not assisted,,,,,,EAGLE STRIKE_,THE FILM DID NOT MEET DOD CRITERIA. THE DEPARTMENT DID NOT WANT TO COMPETE WITH THE INDUSTRIES THAT MADE THEM COMMERCIALLY AVAILABLE. NO RECORD FILM WAS EVER MADE,
1ST FORCE,,OTHER,Not assisted,,,,,,1ST FORCE_,"INITIALLY DOD AND USMC WERE INCLINED TO SUPPORT. HOWEVER, PRODUCER NEVER RESPONDED TO REPEATED REQUESTS FOR UPDATES REGARDING THE PRODUCTION. FILM NOT PRODUCED. NO FILE EXISTS.",
BROKEN ARROW,,DENIED,Not assisted,1998,,,,,BROKEN ARROW_1998,RENEGADE AIR FORCE PILOT STEALS TWO NUCLEAR WEAPONS TO SELL TO HIGHEST BIDDER. OBVIOUSLY NO WAY THE AIR FORCE WOULD HELP ON SUCH A PORTRAYAL.,
SAVING PRIVATE RYAN,,OTHER,Not assisted,1998,8.6,Dreamworks Pictures,482349603,70000000,SAVING PRIVATE RYAN_1998,ARMY OFFICE IN LA CRITIQUED SCRIPT AND POINTED OUT TECHNICAL ERRORS INCLUDING REALITY THAT THE PENTAGON COULD NOT HAVE LEARNED TWO DAYS AFTER D-DAY THAT TWO RYAN BROTHERS HAD DIED ON D'DAY. ARMY HAD NO EQUIPMENT DATING FROM WORLD WAR II. SPIELBERG USED IRISH ARMY FOR LANDINGS AND SUBSEQUENT SCENES SHOT IN ENGLAND,Y
DEJA VU,,APPROVED,Assisted,1999,,,,,DEJA VU_1999,"APPROVED FILMING AT CAMP MINDEN, LA (ARMY NATIONAL GUARD SITE) FOR APPROXIMATELY 20 DAYS. VARIOUS VEHICLES WERE EMPLOYED THAT WERE NOT REASONABLY AVAILABLE FROM COMMERCIAL SOURCES. FILMING TOOK PLACE A VARIOUS LOCATIONS, INCLUDING A BAYONET ASSAULT COURSE. APPROXIMATELY 10 SOLDIERS OPERATED AND MAINTAINED THE EQUIPMENT AND THERE WERE ALSO A SMALL NUMBER OF OFF-DUTY SOLDIERS WHO PERFORMED AS BACKGROUND EXTRAS.",
RIDE WITH THE DEVIL,,LIMITED,Assisted,1999,6.7,Universal Pictures,635096,38000000,RIDE WITH THE DEVIL_1999,"CIVIL WAR ERA PICTURE DEPICTED MILITIA TYPE WARFARE IN FAIRLY STRAIGHTFORWARD MANNER, TO BE CONSIDERED INFORMING ABOUT A LITTLE-KNOWN ASPECT OF US. MILITARY HISTORY. APPROVED USE OF FIELD SETTING AT FORT LEAVENWORTH FOR SEVERAL DAYS.",
RANDOM HEARTS,,APPROVED,Assisted,1999,5.2,Columbia Pictures,74608570,64000000,RANDOM HEARTS_1999,"APPROVED USE OF NAVY SEARCH AND RESCUE PEOPLE AND EQUIPMENT TO ENACT FICTIONAL SAR EFFORTS AT CRASH SITE OF COMMERCIAL AIRCRAFT. MOVIE IS ESSENTIALLY A NON-MILITARY MELODRAMA / MYSTERY, BUT WITH 9-10 MINS OF NAVY COMMERCIAL.",Y
"GENERAL'S DAUGHTER, THE",,OTHER,Not assisted,1999,,,,,"GENERAL'S DAUGHTER, THE_1999",MURDER MYSTERY ABOUT WHO KILLED DAUGHTER OF A POLITICALLY AMBITIOUS GENERAL WHO TRIES TO SUPPRESS EVIDENCE. NEGATIVE SCENES INCLUDE USMA CADET DAUGHTER RAPED BY FELLOW CADETS AND COMPLIANCE BY OFFICERS IN COVER UP.,
"PERFECT STORM, THE",,APPROVED,Assisted,2000,,,,,"PERFECT STORM, THE_2000","AFTER WEEKS OF PROTRACTED SCRIPT NEGOTIATIONS, THE PRODUCTION COMPANY AND DOD REACHED AN ACCOMMODATION THAT WAS ACCEPTABLE. ON THIS DATE, SAAV SIGNED LETTER TO DUNCAN HENDERSON ADVISING HIM THAT ASSISTANCE WAS APPROVED. ASSISTANCE CONSISTS OF FILMING FOR A FEW DAYS AT A NAVY/ANG INSTALLATION (PT MUGU) WITH FLYING AND NONFLYING HELICOPTERS; LOAN OF A HH-60 BLACKHAWK ""CARCASS"" FROM THE DAVIS MONTHAN BONEYARD.",
50/50,,DENIED,Not assisted,,,,,,50/50_,NEVER WAS OFFICIALLY SUBMITTED TO DOD. IT WAS STOPPED BEFORE IT GOT TO THE DEPARTMENT NO REASON FOR SUPPORT WAS EVER FORTHCOMING. NO FILE EXISTS,
ROCKETS RED GLARE,,APPROVED,Assisted,2000,,,,,ROCKETS RED GLARE_2000,"APPROVED FILMING AT VARIOUS SITES AT VANDENBERG AIR FORCE BASE, CA, FOR APPROXIMATELY ONE WEEK. INCLUDED AIR FORCE VEHICLES AND EXTRAS. ALTHOUGH MAIN CHARACTER IS A HIGH SCHOOL STUDENT, THERE IS AMPLE VERY POSITIVE AIR FORCE PRESENCE (FAMILY MEMBERS, ETC), AND VERY POSITIVE DEPICTION OF AIR FORCE INVOLVEMENT IN THE US SPACE PROGRAM.",
BOMBARDIER,,APPROVED,Assisted,2000,,,,,BOMBARDIER_2000,WORLD WAR II FILM ABOUT TRAINING OF BOMBARDIERS AND BOMBERS IN ACTION. FILMED AT BOMBARDIER TRAINING FACILITY IN ARIZONA,
DESTINY,,APPROVED,Assisted,,,,,,DESTINY_,"THE NAVY, AIR FORCE, AND MARINE CORPS APPROVED THE FILM FINDING IT SUSPENSEFUL, EXCITING, AND PROOF THAT IT IS OF MUTUAL ADVANTAGE TO PRODUCER AND DOD TO WORK TOGETHER. PREMIERE IN DC THE DEPARTMENT AND THE MARINE CORPS APPROVED ASSISTANCE TO THE PRODUCTION ALLOWING THE CORPS TO PROVIDE OFFICE SCENES. NO RECORD OF FILM BEING MADE",
BRIDGE TO THE SUN,RUN TIGER RUN,LIMITED,Assisted,,,,,,BRIDGE TO THE SUN_,"THE FILM WAS APPROVED SEPT. 1932, UNDER THE NAME ""RUN TIGER RUN,"" BY THE DEPARTMENT AND THE AIR FORCE. THE REQUEST FOR F-4 STOCK FOOTAGE WAS APPROVED. NO RECORD FILM WAS COMPLETED",
LIFE FLIGHT,,APPROVED,Assisted,,,,,,LIFE FLIGHT_,"THE NATIONAL GUARD BUREAU APPROVED USE OF AN APPROPRIATE HELICOPTER FOR THE PRODUCTION. NO RECORD FILM MADE WITH THIS TITLE",
RULES OF ENGAGEMENT,,APPROVED,Assisted,2000,6.4,Seven Arts Pictures,71732303,60000000,RULES OF ENGAGEMENT_2000,DATE APPROXIMATED WHEN THIS PROJECT WAS RECEIVED AND SCRIPT REVIEW UNDERTAKEN,
U-571,,OTHER,Not assisted,2000,6.6,Universal Pictures,127666415,62000000,U-571_2000,"SUBMARINE MOVIE TO END ALL SUBMARINE MOVIES. DIRECTOR WANTED TO SHOW LIFE ABOARD A WWII SUBMARINE AND HE DID. HOWEVER, THE STORY EXCEEDS THE LIMITS OF DRAMATIC LICENSE AND BEARS NO RESEMBLANCE TO HISTORICAL REALITY OR ACCURATE PORTRAYALS OF LIFE ABOARD A SUBMARINE.",
HUEY,,OTHER,Not assisted,,,,,,HUEY_,"THE LAST ACTION TAKEN WAS DOD INFORMING THE PRODUCER OF THE SCRIPT'S INACCURACIES. THE FILM DEPICTED THE ARMY. IT PROBABLY WOULD HAVE BEEN DENIED, BUT THE PROJECT EVENTUALLY DIED.",
BEHIND ENEMY LINES,,APPROVED,Assisted,2001,6.4,Twentieth Century Fox,91753202,40000000,BEHIND ENEMY LINES_2001,"AFTER PROTRACTED SCRIPT NEGOTIATIONS OVER CHARACTER AND TECHNICAL DETAILS, APPROVED FILMING INT AND EXT SCENES ABOARD SHIPS AND USN/USMC AIR STATIONS FOR THIS STORY INSPIRED BY THE USAF CAPT SCOTT O'GRADY BOSNIA SHOOTDOWN INCIDENT. REASONABLY POSITIVE DEPICTION AND RELATIVELY MODEST MILITARY ASSISTANCE, SINCE THE RESCUE OPERATION WILL BE FILMED IN SLOVAKIA WITH CIVILIAN HUEY AIRCRAFT.",
"GREEN DRAGON, THE",,APPROVED,Assisted,2001,,,,,"GREEN DRAGON, THE_2001","DOD APPROVED FILMING FOR APPROXIMATELY 4 WEEKS AT A RELATIVELY REMOTE TRAINING AREA AT MARINE CORPS BASE CAMP PENDLETON, CA. INCLUDED USE OF QUONSET HUTS, OTHER STRUCTURES, OFF-DUTY MARINE EXTRAS; MINIMAL IMPACT ON INSTALLATION, EXCELLENT DEPICTION OF ACTUAL HISTORICAL VIETNAMESE REFUGEE CAMP SET UP AFTER THE FALL OF SAIGON IN 1975. PATRICK SWAYZE PLAYS A VERY SYMPATHETIC AND HELPFUL MARINE GUNNERY SERGEANT.",
HEARTS IN ATLANTIS,,APPROVED,Assisted,2001,6.9,Castle Rock Entertainment,30919415,31000000,HEARTS IN ATLANTIS_2001,"APPROVED FILMING A COUNTY FAIR-TYPE SCENE SET UP AT THE ARMY'S FORT STORY INSTALLATION IN VIRGINIA BEACH, VA. LENGTHY SET-UP/TEAR DOWN, BUT ONLY SEVERAL DAYS FILMING. VIRTUALLY NO MILITARY PRESENCE, ASIDE FROM ARMY RECRUITERS AT THE FAIR AND REFERENCES TO ONE OF THE MAIN CHARACTERS AS A DECORATED VIETNAM VET. ON THE OTHER HAND, NOT MUCH IMPACT ON THE SITE, AS THE LOCATION IS SOMEWHAT ISOLATED",
SUM OF ALL FEARS,"SUM OF ALL FEARS, THE",APPROVED,Assisted,2002,,,,,SUM OF ALL FEARS_2002,"REQUESTED PERMISSION TO FILM THE NAOC AIRCRAFT IN FLIGHT DURING A ROUTINE REFUELING BY A KC-10 FOR AERIAL SEQUENCES; REQUESTED AIRFORCE FOR PERMISSION TO FILM B-2 AND F-16 AIRCRAFT WHILE IN FLIGHT, IN GROUND TAXI AND TAKE OFF ACTIVITIES AS WELL. IN ADDITION, PRODUCERS REQUESTED AND DOD APPROVED FILMING NEAR MONTREAL, CANADA WITH TWO MARINE CORPS CH-53 AND TWO ARMY CH-60 HELICOPTERS, ARMY DISASTER RELIEF EQUIPMENT, AS WELL AS MILITARY EXTRAS. THERE WAS A SECOND FILMING UNIT IN SAN DIEGO, CA THAT DID FILM ADDITIONAL MILITARY SEQUENCES AS WELL.",
DINOSAUR,,LIMITED,Assisted,,,,,,DINOSAUR_,THE DEPARTMENT OF DEFENSE APPROVED AND PROVIDED AN INFORMAL TOUR OF THE PENTAGON TO BE USED AS BACKGROUND IN THE FILM. NO RECORD OF FILM BEING MADE,
WE WERE SOLDIERS,WE WERE SOLDIERS ONCE... AND YOUNG,APPROVED,Assisted,2002,7.2,Icon Entertainment International,115374915,75000000,WE WERE SOLDIERS_2002,"SCREEN ADAPTATION OF THIS WELL-KNOWN VIETNAM TRUE STORY, ABOUT THE TRAINING OF A UNIT THAT EVENTUALLY TOOK PART IN THE FIRST MAJOR GROUND ENGAGEMENT WITH A LARGE NORTH VIETNAMESE ARMY FORCE IN 1964, AND STARRING MEL GIBSON AS THE ACTUAL ARMY OFFICER. APPROVED PRODUCTION ASSISTANCE, WHICH INCLUDED FILMING FOR SEVERAL WEEKS AT FORT BENNING, GEORGIA, AND FOR APPROXIMATELY ONE MONTH AT FORT HUNTER-LIGGETT, CA (AS VIETNAM). ALSO INVOLVED STATIC/FLYING HELICOPTERS, ARTILLERY PIECES, MILITARY EXTRAS, AND OTHER FORMS OF (ARMY) EQUIPMENT. ALSO CONDUCTED COMPREHENSIVE ACTOR ORIENTATION (INCLUDING MR GIBSON) AT FORT BENNING.",
ANTWONE FISHER,THE ANTWONE FISHER STORY,APPROVED,Assisted,2002,7.3,Fox Searchlight Pictures,23367586,12500000,ANTWONE FISHER_2002,"AFTER THE NAVY WORKED ON SCRIPT NEGOTIATIONS FOR MONTHS, MAINLY ON CHARACTER ISSUES SUCH AS EXCESSIVE PROFANITY, THE FORMAL REQUEST CAME IN. FILMING ASSISTANCE CONSISTED OF FILMING FOR SEVERAL DAYS IN PORT AND AT SEA (SECOND UNIT) ON AN AMPHIBIOUS SHIP HOMEPORTED IN SAN DIEGO, CA, AND ALSO FILMING AT NAVAL STATION, NAVAL AIR STATION, AND BALBOA NAVAL HOSPITAL FOR SEVERAL DAYS AT EACH LOCATION, ALL IN THE SAN DIEGO AREA.",
WINDTALKERS,,APPROVED,Assisted,2002,6.1,Metro-Goldwyn-Mayer (MGM),77628265,115000000,WINDTALKERS_2002,"DOD APPROVED FILMING AT VARIOUS SITES AT MARINE CORPS BASE KANEOHE BAY, HI, FOR APPROXIMATELY FOUR WEEKS. INCLUDED USMC AND NAVY IN HAWAII AND CALIFORNIA. MILITARY EXTRAS, VEHICLES, TECHNICAL ADVISORS, ROUTINE ASSISTANCE. FILM IS POSITIVE DEPICTION OF RELATIONSHIP BETWEEN A MARINE INFANTRY NCO ASSIGNED TO PROTECT A MARINE NAVAJO CODE TALKER IN THE PACIFIC THEATER DURING WWII. ACTION ADVENTURE GENRE PICTURE DIRECTED BY JOHN WOO.",
RACE TO SPACE,,APPROVED,Assisted,2002,,,,,RACE TO SPACE_2002,"APPROVED FILMING IN AND AROUND HANGARS AND OTHER SITES AT EDWARDS AIR FORCE BASE, CA, FOR APPROXIMATELY 2 WEEKS AND AT A LAUNCH PAD, MUSEUM, AND OTHER SITES AT CAPE CANAVERAL AIR STATION, FL, FOR APPROXIMATELY 1 WEEK. VERY POSITIVE DEPICTION OF AIR FORCE IN THIS FICTIONALIZED DRAMATIZATION OF THE NASA/AIR FORCE PROJECT THAT SENT A MONKEY INTO SPACE, PAVING THE WAY FOR US MANNED SPACE FLIGHT.",
IN THE LINE OF DUTY,STANDOFF AT MARION,DENIED,Not assisted,,,,,,IN THE LINE OF DUTY_,"AFTER THE UTAH STATE FILM COMMISSION FORWARDED THE SCRIPT, DOD DETERMINED THAT THE REQUEST FOR A UH-1H HELICOPTER WOULD BE DECLINED DUE TO AN INACCURATE SCENE AND THE POSSIBILITY OF COMPETITION BETWEEN DOD AND A PRIVATE INDUSTRY. NO RECORD OF FILM BEING MADE,",
PIONEER CHRISTMAS,,APPROVED,Assisted,,,,,,PIONEER CHRISTMAS_,"THE DOD AND THE NGB ALLOWED USE OF AND ISOLATED FOREST LOCATION ON THE GROUNDS OF CAMP G. W. WILLIAMS FOR FILMING PORTIONS OF THE SUBJECT MOTION PICTURE. NO FILE, NO RECORD OF FILM BEING MADE",
THE PACKAGE,,DENIED,Not assisted,,,,,,THE PACKAGE_,THE DEPARTMENT AND THE ARMY DENIED ASSISTANCE. THE DOD AND THE AIR FORCE PROVIDED ONLY COURTESY ASSISTANCE BEING A VISIT TO SEE AND SHOOT STILLS OF AN AIR FORCE TRANSPORT PLANE,
1968,,OTHER,Not assisted,,,,,,1968_,"THE FILM STARTED OUT VERY NEGATIVE FOR THE ARMY. THE ARMY WANTED THEM TO MAKE CHANGES TO POSSIBLY APPROVE THE FILM. EVIDENTLY, IT DIED, BECAUSE THE DEPARTMENT NEVER HEARD ANY STATUS REPORT.",
THE SPEED OF LIGHT,,OTHER,Not assisted,,,,,,THE SPEED OF LIGHT_,"AFTER THE PRODUCTION, WROTE THE NAVY AND THEY WANTED A REWRITE. THERE WAS NO OTHER INFORMATION. NO FILE, NO RECORD OF FILM BEING MADE.",
THE SEARCH FOR BILLY,,OTHER,Not assisted,,,,,,THE SEARCH FOR BILLY_,"THE PRODUCTION APPARENTLY WITHDREW REQUEST FOR ASSISTANCE AFTER NO BASIS WAS FOUND TO PROVIDE ASSISTANCE. BOTH THE AIR FORCE AND THE DOD FELT IT WAS JUNK. NO RECORD OF FILM BEING MADE.",
BLACK HAWK DOWN,,APPROVED,Assisted,2002,,,,,BLACK HAWK DOWN_2002,"SECRETARY OF DEFENSE MESSAGE TRANSMITTED INDICATING APPROVAL OF ASSISTANCE FILMMAKERS REQUESTED THE INVOLVEMENT OF BLACK HAWK AND ""LITTLE BIRD"" AIRCRAFT, PLUS APPROX. 25 FAST-ROPE-CAPABLE RANGERS, TO REENACT IN MOROCCO THE CONFLICT THAT TOOK PLACE IN MOGADISHU, SOMALIA, IN 1993, AS WRITTEN IN THE MARK BOWDEN BOOK OF THE SAME TITLE. BECAUSE THE INVOLVEMENT TOOK PLACE OVERSEAS, A FORMAL DEPLOYMENT ORDER WAS REQUIRED. ULTIMATELY THE DEPLOYMENT WAS APPROVED PERSONALLY BY THE CHAIRMAN OF THE JOINT CHIEFS OF STAFF [GEN HENRY SHELTON) AND THE SECRETARY OF DEFENSE (HON. DONALD RUMSFELD). THE B AIRCRAFT CAME FROM THE US ARMY SPECIAL OPERATIONS COMMAND AND CONSISTED OF 4 MH-E-(T AND 4 AHIMH-E LITTLE BIRDS, THE RANGERS, AND UP TO APPROX. SIXTY SUPPORT AND COMMAND AND CONTROL PERSONNEL DEPLOYED FOR APPROX. 2 MONTHS.",
SAIGON,,DENIED,Not assisted,,,,,,SAIGON_,"THE FILM WAS DENIED BY THE ARMY. THEY FELT ITS DEPICTION OF CID OPERATIONS, ORGANIZATION, PERSONNEL AND THEIR ACTIVITIES WAS INACCURATE AND SENSATIONALIZED. NO RECORD OF FILM BEING MADE.",
TEARS OF THE SUN,HOSTILE RESCUE,APPROVED,Assisted,2003,6.6,Cheyenne Enterprises,86468162,75000000,TEARS OF THE SUN_2003,"AFTER LENGTHY SCRIPT NEGOTIATIONS — MOSTLY TO INCREASE MILITARY REALISM AMONG THE SEAL TEAM MEMBERS AND BETWEEN THE TEAM AND HIGHER AUTHORITY, AND ALSO TO PREVENT THE DEPICTION OF THE US GOVT AS COMPLICIT IN NASTY CONSPIRACIES OVERSEAS — APPROVED FILMING IN HAWAII WITH NAVY HELICOPTERS. ASSISTANCE ALSO INCLUDED FILMING A SEAL TEAM PARACHUTING (SOUTHERN CALIFORNIA) AND FILMING HELICOPTERS OPERATING ABOARD SHIP (WATERS NEAR SAN DIEGO).",
THE TUSKEGEE AIRMEN,NEVER PRODUCED,APPROVED,Assisted,,,,,,THE TUSKEGEE AIRMEN_,"THE FILM WAS APPROVED BY THE AIR FORCE, ARMY, AND THE DEPARTMENT OF DEFENSE IN NOVEMBER, 1984 AFTER MUCH SCRIPT NEGOTIATIONS. FINAL DRAFT, PROVED TO BE HISTORICALLY ACCURATE. PROJECT EXISTED FOR MANY, MANY YEARS AND THIS EFFORT WAS NOT SUCCESSFUL (THIS PRODUCER, THIS PROJECT).",
"CORE, THE",,APPROVED,Assisted,2003,,,,,"CORE, THE_2003","AFTER FAIRLY LENGTHY SCRIPT NEGOTIATIONS DESIGNED TO INCREASE MILITARY REALISM AMONG THE MILITARY CHARACTERS AND ALSO TO AVOID THE IMPRESSION THAT THE US. ON ITS OWN AND WITHOUT ANY PARTICULAR REASON CREATED A MACHINE THAT COULD DISRUPT THE EARTH'S CORE AND DESTROY THE WORLD. IT WAS DECIDED THAT, LIKE NUCLEAR DETERRENCE, THE US. BUILD A VERSION OF THE MACHINE TO PREVENT AN ADVERSARY FROM USING ITS ALREADY EXISTING MACHINE. ASSISTANCE WAS MODEST, CONSISTING PRIMARILY OF FILMING FDR SEVERAL DAYS ABOARD A NAVY SHIP.",Y
JURASSIC PARK III,,APPROVED,Assisted,2003,,,,,JURASSIC PARK III_2003,"FIRST APPROACHED IN JUNE 2000 WITH A SCRIPT THAT FEATURED A ""BAD"" MILITARY FORCE THAT EVENTUALLY FOUGHT DINOSAURS OR ATTEMPTED TO DO SO. SCRIPT REWRITTEN AT OUR SUGGESTION TO ELIMINATE ALL MILITARY REFERENCES, SINCE NO POSITIVE MILITARY PORTRAYAL SEEMED FEASIBLE. THEN IN NOVEMBER 2000, THE PRODUCTION COMPANY EXPRESSED AN INTEREST IN WRITING A MILITARY RESCUE SCENE AT THE END. ULTIMATELY WE CAME UP WITH A MUTUALLY AGREEABLE SCENARIO. DOD APPROVED FILMING IN HAWAII ON A PRIVATE ESTATE AT KAUAI WITH NAVY HELICOPTERS, MARINE CORPS AMPHIBIOUS ASSAULT VEHICLES, AND MILITARY EXTRAS",
DAY AFTER TOMORROW,,APPROVED,Assisted,2004,,,,,DAY AFTER TOMORROW_2004,"ESSENTIALLY A NATURAL-DISASTER SCI FI PICTURE WITH LITTLE MILITARY PORTRAYAL ASIDE FROM DISASTER RELIEF, ETC. APPROVED PARTICIPATION OF ARMY NATIONAL GUARD ROTARY WING, VEHICLES, MILITARY POLICE (WITH DOGS), EXTRAS, ETC, FILMING NEAR FORT BLISS, III. OTHER ROTARY WING FILMING TOOK PLACE NEAR MONTREAL, CANADA.",
"GREAT RAID, THE",,LIMITED,Assisted,2005,,,,,"GREAT RAID, THE_2005","ASSISTANCE APPROVED, BUT NONE WAS REQUESTED AT FIRST, ASIDE FROM HISTORICAL AND TECHNICAL ADVICE, WHICH THE CENTER FOR MILITARY HISTORY, ARMY, AND DOD PROVIDED IN PRODIGIOUS QUANTITIES, AND OF WHICH ALL SIGNIFICANT (AND MUCH INSIGNIFICANT) WAS UNHESITATINGLY INCORPORATED. AT ONE POINT THE ARMY WAS POISED TO PROVIDE A HISTORIC SHERMAN TANK FOR FILMING (IN AUSTRALIA AS THE PHILIPPINES) WHEN THE PRODUCTION COMPANY WITHDREW ITS REQUEST FOR THE TANK.",
TUGGER,,APPROVED,Assisted,2005,,,,,TUGGER_2005,"APPROVED WHAT IS ESSENTIALLY NON-PRODUCTION ASSISTANCE: TECHNICAL ADVICE, STOCK FOOTAGE, RESEARCH, INTERVIEWS, ETC. THIS IS AN ANIMATED FILM FOR CHILDREN THAT FEATURE THE USAF THUNDERBIRDS.",
WAR OF THE WORLDS,,OTHER,Not assisted,2005,6.5,Paramount Pictures,603873119,132000000,WAR OF THE WORLDS_2005,"REMAKE OF THE HG WELLS CLASSIC. STARRING TOM CRUISE AND TIM ROBBINS, DIRECTED BY STEVEN SPIELBERG. ARMY SUPPORTED WITH SOLDIERS AND VEHICLES IN CONNECTICUT, NEW JERSEY, VIRGINIA; USMC 1ST TANK BATTALION AND 1ST LAR BN PROVIDED VEHICLE AND PERSONNEL SUPPORT. SHOOTING TOOK PLACE 28 FEB — 7 MARCH JUST NORTH OF LA.",
INTERCEPTOR,,DENIED,Not assisted,,,,,,INTERCEPTOR_,"INACCURATE DEPICTIONS OF OPERATIONS, SECURITY, PROCEDURES, MISSIONS, DECLINED USE OF LOCKHEED STOCK FOOTAGE OF F-118A, NO RECORD OF FILM BEING MADE.",
STEALTH,,APPROVED,Assisted,2005,5.1,Columbia Pictures,79268322,135000000,STEALTH_2005,NULL,
NUMB3RS,ALL'S FAIR,APPROVED,Assisted,2006,,,,,NUMB3RS_2006,"APPROVED FILMING FOR AT JOINT FORCES TRAINING BASE, LOS ALAMITOS, CALIFORNIA, ON FEBRUARY 22, INCLUDING SEVERAL INTERIOR AND EXTERIOR SITES AND OFF-DUTY MILITARY PERSONNEL AS EXTRAS.",
UNITED 93,,APPROVED,Assisted,2006,7.6,Universal Pictures,76700659,15000000,UNITED 93_2006,"APPROVED A VERY MODEST AMOUNT OF ASSISTANCE, PRIMARILY IN THE FORM OF ACTUAL AIR FORCE AIR DEFENSE OFFICERS AND ENLISTED PERSONNEL (SEVERAL WHO HAD BEEN ON DUTY IN THE ROME, NY, AIR DEFENSE CENTER ON 9/11) ON THE SET FOR A WEEK OR SO IN LONDON WHERE THE NORTH AMERICAN AIR DEFENSE SECTOR HAD BEEN SKILLFULLY RECREATED. EARLIER PLANS TO REENACT AIR DEFENSE FIGHTERS SCRAMBLING HAD BEEN APPROVED BUT THE FILMMAKERS DECIDED THESE WEREN'T NECESSARY. THIS PICTURE IS UNIQUE IN HAVING NO ACTUAL SCRIPT, ONLY A TREATMENT, AS THE DIRECTOR WANTED TO CREATE A CINEMA-VERITE STYLE, WITH ""REAL PEOPLE"" AND ACTORS IMPROVISING ON THE SET. THIS LED TO SOME AWKWARDNESS THE FIRST DAY OF FILMING, BUT GRADUALLY THINGS WORKED OUT, AS THE ACTORS BASICALLY STARTED MEMORIZING THEIR LINES THAT WORKED TECHNICALLY AND DRAMATICALLY",
TRANSFORMERS,,APPROVED,Assisted,2007,7,Dreamworks Pictures,709709780,150000000,TRANSFORMERS_2007,"APPROVED FILMING WITH ARMY & AIR FORCE AIRCRAFT (FLYING AND STATIC), VEHICLES, AND PERSONNEL AT EDWARDS, HOLLOMAN, AND KIRTLAND AIR FORCE BASE, WHITE SANDS MISSILE RANGE, AND VARIOUS CIVILIAN LOCATIONS. MILITARY EXTRAS SERVED AS BACKGROUND AT THESE INSTALLATIONS AND ALSO ON SETS IN THE LOS ANGELES AREA, PRINCIPALLY A PENTAGON COMMAND CENTER SET. ALSO FILMED AN ARMY BLACK HAWK HELICOPTER APPROACHING AND LANDING AT THE PENTAGON HELIPAD (AERIAL AND GROUND PHOTOGRAPHY).",
BUFFALO SOLDIERS,,APPROVED,Assisted,,,,,,BUFFALO SOLDIERS_,"APPROVED USE OF EXTERIOR FILMING AT FORT HUACHUCA PARADE GROUND AND INTERIOR FILMING AT FORT HUACHUCA, MUSEUM — TOTAL TIME 1 WEEK — AS OF 9-17-92, NO FILMING HAD TAKEN PLACE (MONEY PROBLEMS?) NO RECORD OF FILM BEING MADE",
I AM LEGEND,,APPROVED,Assisted,2007,7.2,Warner Bros.,585410052,150000000,I AM LEGEND_2007,"APPROVED FILMING NIGHT EXTERIOR IN NYC NEAR BROOKLYN BRIDGE. INVOLVED ARMY STRYKER ARMORED VEHICLES (SUPPLIED WITH CREWS FROM CONTRACTOR BECAUSE NO OTHERS WERE AVAILABLE), ""HUMVEES,"" BLACK HAWK HELICOPTER, AND APPROXIMATELY 80 SOLDIERS AS EXTRAS, ALL THESE FROM THE NY NATIONAL GUARD.",
THE VISITING,THE INVASION (REMAKE OF THE INVASION OF THE BODY SNATCHERS),APPROVED,Assisted,2007,,,,,THE VISITING_2007,"APPROVED FLYING ARMY UH-60 BLACK HAWK HELICOPTER (FROM FT BELVOIR) TO ENACT A RESCUE MILITARY RESCUE SCENE FOR END OF PICTURE. SCENE FILMED ON A ROOFTOP IN DOWNTOWN BALTIMORE. A TROUBLED PICTURE, FIRED DIRECTOR, REDONE ENDING. THERE WAS ADDITIONAL FILMING WITH A STATIC BLACK HAWK IN LA FOR REVISED ENDING.",Y
"VISITOR, THE",,APPROVED,Assisted,2007,,,,,"VISITOR, THE_2007","APPROVED FILMING WITH AN ARMY BLACK HAWK HELICOPTER AND EIGHT SOLDIERS IN BATTLE GEAR, ATOP A HIGH RISE BUILDING (POLICE HQ) IN BALTIMORE, MD, FOR TWO EVENINGS, TO ENACT A MILITARY RESCUE SEOUL EN CE.",
MAJOR MOVIE STAR,,APPROVED,Assisted,2008,,,,,MAJOR MOVIE STAR_2008,"APPROVED FILMING AT NATIONAL GUARD CAMP MINDEN, LA, FOR APPROXIMATELY 20 DAYS. INVOLVES ARMY VEHICLES (TRUCKS, HUMVEES, ETC) AND OPERATORS; OFF-DUTY SOLDIERS, ACCESS TO TRAINING AREAS SUCH AS BAYONET ASSAULT COURSE.",
"DAY THE EARTH STOOD STILL, THE",,APPROVED,Assisted,2008,,,,,"DAY THE EARTH STOOD STILL, THE_2008","THIS PICTURE WAS FILMED MOSTLY IN VANCOUVER, B.C., WITH MILITARY EQUIPMENT RENTED FROM VARIOUS COMMERCIAL VENDORS. GENERAL DYNAMICS FURNISHED AN ARMY STRYKER VEHICLE AND CREW FOR ONE SCENE, BUT THE ONLY ACTUAL ASSISTANCE WAS PROVIDED ON SET BY DOD (PHIL STRUB) AND ARMY TECHNICAL ADVISOR (LIEUTENANT COLONEL TODD BREASSEALE). AN EXTENDED WRITERS GUILD STRIKE HAD OBVIATED MAKING THE USUAL PAGE CHANGES, SO ALL ISSUES HAD TO BE (AND WERE SUCCESSFULLY) RESOLVED ON SET DURING PRODUCTION.",y
ARMY WIVES,STRANGERS IN A STRANGE LAND,APPROVED,Assisted,2008,,,,,ARMY WIVES_2008,"APPROVED FILMING FOR SEVERAL HOURS IN THE BASE EXCHANGE AT CHARLESTON AIR FORCE BASE, SC, FOR A DIALOGUE SEQUENCE PORTRAYING FAMILY MEMBERS SHOPPING.",
THE LADY TAKES AN ACE,DSAT,DENIED,Not assisted,,,,,,THE LADY TAKES AN ACE_,"MINOR MILITARY INVOLVEMENT, BUT NAVAL AVIATOR BACKGROUND — NEGATIVE, STEREOTYPICAL AVIATOR BEHAVIOR u UN REALISTIC DEPICTION OF MISSIONS. NO RECORD OF FILM BEING MADE",
TRANSFORMERS: REVENGE OF THE FALLEN,TRANSFORMERS II,APPROVED,Assisted,2009,6,Dreamworks Pictures,836303693,200000000,TRANSFORMERS: REVENGE OF THE FALLEN_2009,DOD SUPPORT NOTIFICATION LETTER SIGNED — PHASE 1,
TAKING CHANCE,,APPROVED,Assisted,2009,,,,,TAKING CHANCE_2009,"Very little actual production support - some minor equipment borrowed from the 512th Memorial Affairs Squadron, Dover AFB, DE. Mostly provided staffing services, obtaining approval for research at Dover, etc. This was a feature length picture produced by HBO, starring Kevin Bacon.",
IRON MAN II,,APPROVED,Assisted,2010,,,,,IRON MAN II_2010,"Most of the military scenes were also filmed at Edwards. From a technical standpoint we provided unclassified technological specs, set up research trips to Air Force Bases, and gave the visual effects department access so they could meticulously and accurately reflect realistic aircraft markings on the War Machine character. The Air Force assisted in designing the war machine markings and featured the 412th flight test center. Approximately 200 airmen from Edwards, and 26 from Los Angeles Air Force bases were used as extras for filming. Airmen played a variety of roles to include flight operations and aircraft maintenance and tower personnel. In addition, 26 airmen from LAAFB participated as extras for a closing ceremony scene featured at the end of the film.",Y
NIKITA,"AKA 'GIRL #5' ENGLISH VERSION OF FRENCH ""LA FEMME NIKITA""",DENIED,Not assisted,2010,,,,,NIKITA_2010,"DECLINED REQUEST TO USE MILITARY AIRCRAFT TO DO WIDE-ANGLE ESTABLISHING SHOT OF US CAPITOL. NO MILITARY CONNECTION, NO BENEFIT. WE COULDN'T FLY THROUGH THE RESTRICTED AIR SPACE ANYWAY",
TRANSFORMERS DARK OF THE MOON,TRANSFORMERS 3,APPROVED,Assisted,2011,,,,,TRANSFORMERS DARK OF THE MOON_2011,"APPROVED FILMING FOR SEVERAL DAYS IN JUNE 2010, WITH STATIC ARMY AND MARINE CORPS ROTARY WING AIRCRAFT AND VEHICLES IN AND AROUND A BOEING CORPORATION HANGAR AT LONG BEACH, CA. SUBSEQUENTLY APPROVED FILMING WITH ARMY AND ARMY NATIONAL GUARD EXTRAS AND VEHICLE OPERATORS IN A DUTY STATUS IN AND AROUND THE CHICAGO, IL, VICINITY. ",
BATTLE LOS ANGELES,BATTLE LA,APPROVED,Assisted,2011,5.7,Columbia Pictures,211819354,70000000,BATTLE LOS ANGELES_2011,"APPROVED FILMING FOR APPROXIMATELY ONE WEEK AT BARKSDALE AIR FORCE BASE, LA. MOST OF THE FILMING TOOK PLACE ON THE FLIGHT LINE WITH STATIC AIR FORCE AND MARINE  CORPS FIXED-WING AND ROTARY-WING AIRCRAFT, DURING THE AUGUST OCTOBER PERIOD. A STATIC ARMY M1 MAIN BATTLE TANK WAS ALSO FILMED AT BARKSDALE. DURING THIS TIME FRAME, THE PRODUCTION COMPANY ALSO FILMED FLYING AND STATIC MARINE CORP HELICOPTERS AND CV-27 OSPREYS AT A CIVILIAN AIRPORT IN SHREVEPORT, LA.",
BATTLESHIP,,APPROVED,Assisted,2012,5.8,Universal Pictures,303025485,209000000,BATTLESHIP_2012,"APPROVED FILMING OF RIMPAC 2010. FILMED ON BOARD DDG-51 ARLEIGH BURKE CLASS DESTROYERS IN PORT AND UNDERWAY. FILMED FOR SEVERAL DAYS AT NAVAL BASE PEARL AND USS MISSOURI, AND IN AND AROUND THE VICINITY OF HONOLULU, HI, DURING THE SUMMER OF 2010. ALSO FILMED FOR ONE DAY, NOVE 20, 2010, AT THE INTREPID CENTER, BROOKE ARMY MEDICAL CENTER, SAN ANTONIO, TX.",Y
EVERYBODY LOVES WHALES,BIG MIRACLE,APPROVED,Assisted,2012,,,,,EVERYBODY LOVES WHALES_2012,"Initially requested the use of a BRAC base (Kulis Air Base) — efforts failed clue to facilities requested were put into emergency use by base officials. We did provide use of a Sky Crane relic which was dressed to appear as a functional aircraft, and numerous other hangars and AKANG personnel as extras.",
CAPTAIN PHILLIPS,A CAPTAIN'S DUTY/MAERSK/ALABAMA,APPROVED,Assisted,2013,7.8,Scott Rudin Productions,218791811,55000000,CAPTAIN PHILLIPS_2013,"Bulk of filming took place between June 10 and June 25, in vicinity of Norfolk, VA. Navy support during this period included extensive filming interiors and exteriors aboard USS Truxtun (DDS-103), in port and underway, to reenact the standoff and rescue scenes. Filming aboard a large deck amphibious landing ship, including helicopter flight operations also took place. An Oliver Hazard Perry class FFG-7 also took part in the underway filming. A static Air National Guard C-130 was also used to reenact a scene in which Navy SEALs board the aircraft on route to the mission area. Two active duty Navy SEALs on terminal leave were hired by the production company to reenact the SEAL role in the mission, and one active duty SEAL from NAVSPECWARCOM was assigned as a technical advisor. The captain of the Bainbridge (actual ship in the operation) was also on site periodically as a technical advisor ",
TRANSFORMERS,,APPROVED,Assisted,,,,,,TRANSFORMERS_,NULL,
TRANSFORMERS 2,,APPROVED,Assisted,,,,,,TRANSFORMERS 2_,NULL,
TRANSFORMERS 3,,APPROVED,Assisted,,,,,,TRANSFORMERS 3_,NULL,
LONE SURVIVOR,,APPROVED,Assisted,2013,7.5,Film 44,154802912,40000000,LONE SURVIVOR_2013,"Approved filming at Kirtland Air Force base, New Mexico. Reenacted combat and rescue efforts utilizing Air Force Pave Hawk, Army Black Hawk and Apache helicopters, and AF pararescue jumpers and other military personnel.",
GODZILLA,,APPROVED,Assisted,2014,6.4,Warner Bros.,524976069,160000000,GODZILLA_2014,"Navy embedded a production company splinter unit onboard USS Nimitz 9. 11 April 2013 to film day and night flight operations that included jets, helicopters, touch n goes, flyovers and flight maneuvers. Also coordinated for pierside access to a carrier to cover sounding general quarters and manning battle—stations drills simulated battle operations on the bridge CDC bridge wings manning the watch over the shoulder shots of Sailors looking to sea sickbay crew mess and quarters and hangar bay ops. Also filmed the USS George Washington Carrier Strike Group underway.   Army provided an Apache [AH—64), a Blackhawk (UH-60), a variant of the High Mobility Multipurpose Wheeled Vehicle (HMMWV), a variant of the Family of Medium Tactical Vehicles (FMTV) and a variant of the Stryker Light Armored Vehicle for the purpose of LIDAR 3D modeling and Computer Generated Imagery (GI). Also The US. Army provided three (3) High Mobility Multipurpose Wheeled Vehicles (HMMWVs), two (2) troop transport trucks, approximately thirty (30) Army personnel (as extras), and one (I) Black Hawk helicopter in flight (flight plan approved and subject to budget estimate per flight hour when training mission unavailable) for purpose of filming rescue/humanitarian/FEMA—type scene in Waikiki, Hawaii on 13Jul2013  Air Force provided for filming/photographing of a C-17 to be used for depicting troops offloading from a deployment at Joint Base Pearl Harbor-Hickam provided for a static C-17 at Joint Base Pearl Harbor-Hickam to allow for filming of two configurations — inside and outside-— to show passenger—seats configuration and a Halo jump setting as well as use of exterior green screen to simulate HALO jump. Use of the C-17 was provided for 3- continuous days to include rigging, filming and wrap (tear down—removal of all equipment).",Y
CAPTAIN AMERICA THE WINTER SOLDIER,,APPROVED,Assisted,2014,,,,,CAPTAIN AMERICA THE WINTER SOLDIER_2014,"Principle filming was in Cleveland, Ohio, so the National Guard allowed Marvel to build a few sets in a secluded area of the 22,000 acre Army National Guard base, Camp Ravenna, located an hour south of Cleveland. In return, the Guard received significant portrayal in the film. As always, there was no cost to the government, and when filming was completed, Marvel tore down the sets and restored the installation back to its original condition. For the build—up, filming, and tear-down —- in total, about three weeks",Y
ALOHA,,DENIED,Not assisted,2015,5.4,Columbia Pictures,26250020,37000000,ALOHA_2015,Approved access to former housing area at Joint Base Pearl Harbor-Hickam AFB,
BRIDGE OF SPIES,ST. JAMES PLACE,APPROVED,Assisted,2015,7.6,Dreamworks Pictures,165478348,40000000,BRIDGE OF SPIES_2015,"Filmed U-2s static, towed, take—offs and landings for several days at Beale AFB, CA",
WHISKEY TANGO FOXTROT,,APPROVED,Assisted,2015,,,,,WHISKEY TANGO FOXTROT_2015,"Navy embedded a production company splinter unit onboard USS Nimitz 9. 11 April 2013 to film day and night flight operations that included jets, helicopters, touch n goes, flyovers and flight maneuvers. Also coordinated for pierside access to a carrier to cover sounding general quarters and manning battle—stations drills simulated battle operations on the bridge CDC bridge wings manning the watch over the shoulder shots of Sailors looking to sea sickbay crew mess and quarters and hangar bay ops. Also filmed the USS George Washington Carrier Strike Group underway.   Army provided an Apache [AH—64), a Blackhawk (UH-60), a variant of the High Mobility Multipurpose Wheeled Vehicle (HMMWV), a variant of the Family of Medium Tactical Vehicles (FMTV) and a variant of the Stryker Light Armored Vehicle for the purpose of LIDAR 3D modeling and Computer Generated Imagery (GI). Also The US. Army provided three (3) High Mobility Multipurpose Wheeled Vehicles (HMWVs), two (2) troop transport trucks, approximately thirty (30) Army personnel (as extras), and one (I) Black Hawk helicopter in flight (flight plan approved and subject to budget estimate per flight hour when training mission unavailable) for purpose of filming rescue/humanitarian/FEMA—type scene in Waikiki, Hawaii on 13Jul2013  Air Force provided for filming/photographing of a C-17 to be used for depicting troops offloading from a deployment at Joint Base Pearl Harbor-Hickam provided for a static C-17 at Joint Base Pearl Harbor-Hickam to allow for filming of two configurations — inside and outside-— to show passenger—seats configuration and a Halo jump setting as well as use of exterior green screen to simulate HALO jump. Use of the C-17 was provided for 3- continuous days to include rigging, filming and wrap (tear down—removal of all equipment).",
WHISKEY TANGO FOXTROT,,APPROVED,Assisted,2016,6.6,Broadway Video,24972139,35000000,WHISKEY TANGO FOXTROT_2016,"The production company filmed for several days at Kirtland AFB, because of  positive, if short AF portrayal, which was edited out of the final version. The script portrayed a US Army transport brake failure, resulting in it hitting a group of Afghani shoppers in Kabul, killing and injuring them. This was changed to an NGO vehicle. Considerable Marine Corps portrayal, though the Marine Corps only provided on—set uniform and other technical advice. The primary motivation in providing support was the very last act, in which the Tina Fey character visits the home of a young Marine who had suffered the loss of both legs in combat. His character is the complete opposite of the stereotypical ""wounded warrior, ” as he and his young family are doing quite well, and sets the reporter in pursuit of a new, positive lifestyle.",
SULLY,,APPROVED,Assisted,2016,7.4,Flashlight Films,240797623,60000000,SULLY_2016,"USAF support to this project took place at Holloman AFB, NM, in December 2015. Support for this project was one full day of shooting F-4 Phantoms. The Phantoms that were shot were capable of being piloted remotely or with people, as they are actually used as aerial targets [REAL drones] but in this case they were shot while being manually piloted. Only a handful of Airmen were used as background extras. Director Clint Eastwood was present for the day of filming. The featured F-4 underwent an exterior paint job to reflect a historically-accurate paint scheme from the vietnam era. Aerial shots of two F-4s were also accomplished via a commercial learjet",Y